-- phpMyAdmin SQL Dump
-- version 4.9.2
-- https://www.phpmyadmin.net/
--
-- Host: 127.0.0.1
-- Generation Time: Jan 13, 2020 at 05:40 PM
-- Server version: 10.4.10-MariaDB
-- PHP Version: 7.3.12

SET SQL_MODE = "NO_AUTO_VALUE_ON_ZERO";
SET AUTOCOMMIT = 0;
START TRANSACTION;
SET time_zone = "+00:00";


/*!40101 SET @OLD_CHARACTER_SET_CLIENT=@@CHARACTER_SET_CLIENT */;
/*!40101 SET @OLD_CHARACTER_SET_RESULTS=@@CHARACTER_SET_RESULTS */;
/*!40101 SET @OLD_COLLATION_CONNECTION=@@COLLATION_CONNECTION */;
/*!40101 SET NAMES utf8mb4 */;

--
-- Database: `eapi`
--

-- --------------------------------------------------------

--
-- Table structure for table `failed_jobs`
--

CREATE TABLE `failed_jobs` (
  `id` bigint(20) UNSIGNED NOT NULL,
  `connection` text COLLATE utf8mb4_unicode_ci NOT NULL,
  `queue` text COLLATE utf8mb4_unicode_ci NOT NULL,
  `payload` longtext COLLATE utf8mb4_unicode_ci NOT NULL,
  `exception` longtext COLLATE utf8mb4_unicode_ci NOT NULL,
  `failed_at` timestamp NOT NULL DEFAULT current_timestamp()
) ENGINE=InnoDB DEFAULT CHARSET=utf8mb4 COLLATE=utf8mb4_unicode_ci;

-- --------------------------------------------------------

--
-- Table structure for table `migrations`
--

CREATE TABLE `migrations` (
  `id` int(10) UNSIGNED NOT NULL,
  `migration` varchar(255) COLLATE utf8mb4_unicode_ci NOT NULL,
  `batch` int(11) NOT NULL
) ENGINE=InnoDB DEFAULT CHARSET=utf8mb4 COLLATE=utf8mb4_unicode_ci;

--
-- Dumping data for table `migrations`
--

INSERT INTO `migrations` (`id`, `migration`, `batch`) VALUES
(1, '2014_10_12_000000_create_users_table', 1),
(2, '2014_10_12_100000_create_password_resets_table', 1),
(3, '2019_08_19_000000_create_failed_jobs_table', 1),
(4, '2020_01_13_150304_create_products_table', 1),
(5, '2020_01_13_150328_create_reviews_table', 1);

-- --------------------------------------------------------

--
-- Table structure for table `password_resets`
--

CREATE TABLE `password_resets` (
  `email` varchar(255) COLLATE utf8mb4_unicode_ci NOT NULL,
  `token` varchar(255) COLLATE utf8mb4_unicode_ci NOT NULL,
  `created_at` timestamp NULL DEFAULT NULL
) ENGINE=InnoDB DEFAULT CHARSET=utf8mb4 COLLATE=utf8mb4_unicode_ci;

-- --------------------------------------------------------

--
-- Table structure for table `products`
--

CREATE TABLE `products` (
  `id` int(10) UNSIGNED NOT NULL,
  `name` varchar(255) COLLATE utf8mb4_unicode_ci NOT NULL,
  `detail` text COLLATE utf8mb4_unicode_ci NOT NULL,
  `price` double NOT NULL,
  `stock` int(11) NOT NULL,
  `discount` double NOT NULL,
  `created_at` timestamp NULL DEFAULT NULL,
  `updated_at` timestamp NULL DEFAULT NULL
) ENGINE=InnoDB DEFAULT CHARSET=utf8mb4 COLLATE=utf8mb4_unicode_ci;

--
-- Dumping data for table `products`
--

INSERT INTO `products` (`id`, `name`, `detail`, `price`, `stock`, `discount`, `created_at`, `updated_at`) VALUES
(1, 'ea', 'Quia distinctio qui voluptatem dignissimos eligendi aperiam velit hic. Voluptatum occaecati voluptate cumque sed. Nisi corporis cum laudantium eligendi amet quisquam. Dignissimos nostrum esse labore et qui.', 952, 5, 18, '2020-01-13 22:35:46', '2020-01-13 22:35:46'),
(2, 'atque', 'Exercitationem dolor soluta quisquam consequatur voluptate itaque. Omnis est hic animi rerum consequatur. Sed et sed unde eveniet. Eum rem sequi aut asperiores quo officia.', 915, 2, 21, '2020-01-13 22:35:46', '2020-01-13 22:35:46'),
(3, 'dolore', 'Voluptas incidunt nam nesciunt ex occaecati voluptatem sint. Provident magnam recusandae veritatis quo exercitationem expedita. Rem ab dolores impedit animi. Et non ut et explicabo corporis non.', 893, 9, 26, '2020-01-13 22:35:46', '2020-01-13 22:35:46'),
(4, 'voluptatem', 'Tenetur possimus alias eos. Ab nobis facere autem sequi. Sequi vero dignissimos qui aut. Ab eos excepturi odio dolore corrupti sequi.', 985, 1, 21, '2020-01-13 22:35:46', '2020-01-13 22:35:46'),
(5, 'ducimus', 'Quod incidunt aspernatur itaque ipsa ut eum enim. Omnis sit ut quas iure. Voluptatum nihil error iure cum repudiandae maiores molestiae. Consectetur dolor pariatur autem dolores. Autem molestiae ut dolor id rerum ipsam et.', 819, 9, 14, '2020-01-13 22:35:46', '2020-01-13 22:35:46'),
(6, 'et', 'Quae dignissimos neque distinctio unde. Cumque quia ut qui reprehenderit animi. Accusamus aut incidunt voluptatem voluptate consequatur impedit ab. Dolores sit et molestiae est.', 105, 6, 24, '2020-01-13 22:35:46', '2020-01-13 22:35:46'),
(7, 'veniam', 'Ut aut reprehenderit et consequatur tempora est. Hic earum ea dolor sed est porro repellendus. Consequatur a aliquid sapiente dolor. Placeat qui cupiditate nihil ut placeat a.', 15, 9, 28, '2020-01-13 22:35:46', '2020-01-13 22:35:46'),
(8, 'magnam', 'Optio rem natus tempora fuga. Et possimus dolor ea exercitationem nesciunt aperiam. Perferendis qui quis facere aut odit. Voluptatem ut eos ex ea.', 506, 1, 30, '2020-01-13 22:35:46', '2020-01-13 22:35:46'),
(9, 'in', 'Ad quibusdam iusto autem officia quis incidunt. Quae ad fuga consequuntur illo rerum eligendi ea vero. Illum cumque exercitationem id laudantium minima dolores. Molestiae rerum maiores accusantium consequatur.', 851, 7, 2, '2020-01-13 22:35:46', '2020-01-13 22:35:46'),
(10, 'aut', 'Ipsam dolorem cum sit id porro sunt qui sit. Eveniet qui id eos consectetur. Fugiat reprehenderit ipsum autem corporis est et. Rem reprehenderit sit veniam necessitatibus.', 740, 0, 25, '2020-01-13 22:35:46', '2020-01-13 22:35:46'),
(11, 'voluptas', 'Quaerat in voluptatum expedita qui ea impedit. Natus error in corrupti et.', 178, 6, 4, '2020-01-13 22:35:46', '2020-01-13 22:35:46'),
(12, 'explicabo', 'Labore porro ut molestiae non et quia. Velit aut tempore omnis ullam quo perspiciatis illum. Et perferendis quis est enim. Quos corporis velit in magni.', 428, 2, 18, '2020-01-13 22:35:46', '2020-01-13 22:35:46'),
(13, 'beatae', 'Quisquam exercitationem autem culpa provident consectetur. Debitis et dolor corrupti excepturi facere eaque. Et architecto ullam sunt.', 733, 2, 18, '2020-01-13 22:35:46', '2020-01-13 22:35:46'),
(14, 'officia', 'Veniam adipisci perferendis hic blanditiis. Corporis in aut neque quibusdam sunt. Iste unde vel exercitationem quibusdam deleniti molestiae.', 710, 7, 27, '2020-01-13 22:35:46', '2020-01-13 22:35:46'),
(15, 'sed', 'Iure voluptatem id ipsum fugiat. Voluptatum quam et facilis voluptates velit dolorem et. Quia laborum nesciunt dolor quaerat id. Sed in asperiores quaerat atque laborum culpa laudantium.', 583, 3, 29, '2020-01-13 22:35:46', '2020-01-13 22:35:46'),
(16, 'qui', 'Quae cum qui placeat perferendis vero. Suscipit iste aliquid rerum dicta mollitia dicta qui. Omnis reprehenderit exercitationem deserunt recusandae. Vero tempora asperiores recusandae sint fugiat.', 652, 8, 6, '2020-01-13 22:35:46', '2020-01-13 22:35:46'),
(17, 'qui', 'Amet qui mollitia optio repellendus sequi esse. Delectus dolorem amet delectus. Corporis magni alias natus.', 887, 9, 3, '2020-01-13 22:35:46', '2020-01-13 22:35:46'),
(18, 'qui', 'Magnam corporis sed et eum alias sint ex. Officia quis nesciunt labore. Facilis voluptas labore vel sed natus sunt optio.', 367, 7, 20, '2020-01-13 22:35:46', '2020-01-13 22:35:46'),
(19, 'ut', 'Assumenda qui voluptatem eius quas. Ipsa voluptatem sint quam. Ipsam omnis in qui ut. Quis odit sint quia corporis qui eum omnis.', 612, 4, 16, '2020-01-13 22:35:46', '2020-01-13 22:35:46'),
(20, 'porro', 'Nam aut officiis ullam et. Veritatis et enim et voluptatem. Totam rerum et expedita libero voluptatem aliquid sequi. Unde eos ratione sed eaque odit a.', 256, 3, 26, '2020-01-13 22:35:46', '2020-01-13 22:35:46'),
(21, 'qui', 'Minima ea tempora error quibusdam possimus. Delectus ea illum ex libero suscipit tempore. Aut occaecati reiciendis impedit. Laborum ullam voluptatem voluptatem voluptatem quis.', 481, 3, 7, '2020-01-13 22:35:46', '2020-01-13 22:35:46'),
(22, 'corporis', 'Delectus necessitatibus nobis minus qui qui distinctio provident. Nam numquam est harum itaque eos. Dignissimos quis velit soluta nam. Id earum et occaecati modi laudantium architecto.', 862, 3, 26, '2020-01-13 22:35:46', '2020-01-13 22:35:46'),
(23, 'perspiciatis', 'Ullam enim similique rerum magnam harum. Iusto fugit autem voluptatum excepturi ea laborum eum. Alias vel dolores nam necessitatibus officiis cum at. Dolorem accusamus saepe tempora dicta sed cum minus nisi.', 799, 8, 14, '2020-01-13 22:35:46', '2020-01-13 22:35:46'),
(24, 'qui', 'Quos asperiores facere dolorum a. Sed ut sint aliquam quis. Error voluptatem voluptas est quia asperiores architecto. Dicta quas exercitationem et autem veritatis temporibus sed ipsum.', 638, 3, 15, '2020-01-13 22:35:46', '2020-01-13 22:35:46'),
(25, 'ut', 'Nesciunt quo iusto qui dolorum. Fugiat accusantium corporis assumenda quod sequi consequuntur. Suscipit fuga sequi pariatur est vel.', 343, 0, 4, '2020-01-13 22:35:46', '2020-01-13 22:35:46'),
(26, 'impedit', 'Exercitationem modi cupiditate non nihil nam similique. Consequuntur aut magni odit. Voluptatem veniam laborum deleniti ducimus veniam ipsam fugit consequatur. At aut consequuntur rerum minima eum omnis quos.', 190, 1, 25, '2020-01-13 22:35:46', '2020-01-13 22:35:46'),
(27, 'ab', 'Id harum id in odio itaque beatae. Porro laboriosam delectus at quod consequatur adipisci sed. Pariatur quia nulla in modi accusantium voluptate.', 623, 7, 28, '2020-01-13 22:35:46', '2020-01-13 22:35:46'),
(28, 'vel', 'Maiores qui in magnam voluptatem consequatur commodi aut. Neque quam repudiandae quasi est. Consequuntur voluptas quibusdam qui omnis repellat. Esse repellendus aperiam cum id consequatur cum nemo similique. Vel tenetur nisi ut et veritatis sapiente explicabo.', 145, 0, 19, '2020-01-13 22:35:46', '2020-01-13 22:35:46'),
(29, 'ea', 'Id aliquid reprehenderit modi dolorem dolor. Tempora perferendis id corrupti atque dolorem tempore. Eligendi harum asperiores earum quia autem facere.', 785, 0, 13, '2020-01-13 22:35:46', '2020-01-13 22:35:46'),
(30, 'sit', 'Assumenda laudantium distinctio sint ab. Cupiditate ducimus non molestiae esse.', 615, 5, 8, '2020-01-13 22:35:46', '2020-01-13 22:35:46'),
(31, 'repellendus', 'Delectus molestias ducimus ad asperiores et quas. Id dolorum assumenda dolore est minus. Rerum facere alias explicabo aperiam et ut.', 156, 2, 28, '2020-01-13 22:35:46', '2020-01-13 22:35:46'),
(32, 'voluptas', 'Veniam qui numquam aut id consequuntur sed et. Occaecati consequuntur aut laborum qui. Qui consequatur praesentium placeat molestias non. Sint voluptatem et dolores reiciendis qui pariatur.', 479, 2, 12, '2020-01-13 22:35:46', '2020-01-13 22:35:46'),
(33, 'ut', 'Sit dolorem totam eveniet aliquam eveniet iusto. Eveniet laborum modi et vero. Nihil aliquam accusamus aut eligendi qui enim. Voluptatem rerum quae quo sed recusandae assumenda excepturi dolore.', 189, 9, 2, '2020-01-13 22:35:46', '2020-01-13 22:35:46'),
(34, 'maiores', 'Dolor rerum voluptatum aspernatur quo optio est. Illum ducimus tenetur libero in quisquam error. Et magnam dolores eum error. Quia beatae saepe vitae ab consequuntur animi.', 140, 7, 22, '2020-01-13 22:35:46', '2020-01-13 22:35:46'),
(35, 'et', 'Praesentium fugiat quasi fuga voluptates. Enim non libero non error aut necessitatibus nemo. Eligendi corrupti temporibus et dolor reprehenderit.', 344, 7, 26, '2020-01-13 22:35:46', '2020-01-13 22:35:46'),
(36, 'odit', 'Et aperiam doloremque adipisci eos id ut enim. Omnis maxime rem accusamus placeat voluptas non. Quam qui nulla molestias voluptas quia praesentium expedita. Et iure occaecati ullam placeat optio inventore dolore.', 651, 4, 27, '2020-01-13 22:35:46', '2020-01-13 22:35:46'),
(37, 'cum', 'Enim quo consequatur delectus consequatur dolorum iure mollitia. Consequatur quam et veritatis saepe suscipit ut ad et. Voluptates optio praesentium molestiae sed iusto deleniti. Modi qui aut officiis aut animi aperiam veniam voluptas.', 827, 0, 26, '2020-01-13 22:35:46', '2020-01-13 22:35:46'),
(38, 'deserunt', 'Sunt explicabo recusandae doloribus consequatur facere recusandae. Qui est odit non nihil autem veritatis quis odio. Dolorum deserunt illum sint odit omnis aut. Fugit molestiae officia enim sed.', 164, 4, 22, '2020-01-13 22:35:46', '2020-01-13 22:35:46'),
(39, 'voluptas', 'Dolor reprehenderit tempora totam odit quas minima dolores. Eum facilis eveniet culpa id expedita sed. Sunt quia non illum ullam. Voluptate et qui soluta facere tempore ullam amet.', 328, 2, 21, '2020-01-13 22:35:46', '2020-01-13 22:35:46'),
(40, 'voluptatibus', 'Accusamus iure voluptates aut ratione iste officia. Aut eligendi ipsam cumque culpa. Non corrupti qui sit culpa modi blanditiis.', 253, 4, 18, '2020-01-13 22:35:46', '2020-01-13 22:35:46'),
(41, 'totam', 'Non quod rerum ipsam aut. Accusantium nihil eum sit. Fugit facilis voluptatem sit aut est voluptas facilis. Nemo qui occaecati illo quibusdam nostrum harum ut. Ducimus vitae nulla aut sit ullam assumenda.', 155, 3, 2, '2020-01-13 22:35:46', '2020-01-13 22:35:46'),
(42, 'quis', 'Quis inventore harum consequatur nam rerum itaque quis. Optio sed fugiat recusandae velit consequatur in. Vel velit illo enim nisi.', 919, 2, 29, '2020-01-13 22:35:46', '2020-01-13 22:35:46'),
(43, 'eos', 'Saepe quaerat dolorum perspiciatis corrupti deserunt. Officiis sint animi rerum. Officiis eum itaque repellendus error. Modi atque a adipisci distinctio nihil rem soluta.', 846, 4, 21, '2020-01-13 22:35:46', '2020-01-13 22:35:46'),
(44, 'et', 'Ullam assumenda officia voluptas esse ratione eos. Voluptas commodi veritatis et accusamus quo. Autem ipsum quis dolor. Aliquid quibusdam tempore rerum iure placeat sequi exercitationem.', 889, 1, 3, '2020-01-13 22:35:46', '2020-01-13 22:35:46'),
(45, 'ducimus', 'Alias error officia consequatur fugit quis corrupti maxime facere. Eum illum nobis esse molestiae et praesentium voluptatem. Voluptatem quisquam hic esse molestiae quidem sint.', 761, 6, 10, '2020-01-13 22:35:46', '2020-01-13 22:35:46'),
(46, 'vel', 'Nobis eos rerum vero officiis. Nam commodi repellendus laudantium natus ut. Sit ipsa odit qui illo laudantium natus. Debitis unde ipsam nihil amet vel minus.', 11, 9, 11, '2020-01-13 22:35:46', '2020-01-13 22:35:46'),
(47, 'eos', 'Asperiores minima animi sunt quasi optio voluptatem. Voluptas iure iure excepturi consequatur. Et voluptatem et exercitationem quos assumenda placeat rerum voluptatibus.', 885, 0, 7, '2020-01-13 22:35:46', '2020-01-13 22:35:46'),
(48, 'non', 'Dolore mollitia necessitatibus nihil doloribus omnis. Necessitatibus ullam dolores et voluptatem atque ut dolores doloremque. Non vero nam iure est et velit at. Cumque quisquam et necessitatibus dicta.', 981, 4, 24, '2020-01-13 22:35:46', '2020-01-13 22:35:46'),
(49, 'dolorem', 'Repudiandae officiis nostrum eum vel illum autem tempora. Repudiandae fuga distinctio non ea est eveniet. Unde alias et ipsam sed sit dolores. Cum vel necessitatibus quo dolores.', 703, 7, 29, '2020-01-13 22:35:46', '2020-01-13 22:35:46'),
(50, 'ea', 'Odio neque pariatur voluptatem distinctio. Nesciunt totam autem sunt. Quo beatae velit vel voluptate aliquid dolores numquam accusantium. Repudiandae voluptas repellendus vel vitae sed fugiat nulla. Nihil neque perspiciatis natus vel placeat rem illum.', 150, 1, 30, '2020-01-13 22:35:46', '2020-01-13 22:35:46'),
(51, 'totam', 'Minus occaecati totam at enim rerum quas. Nobis totam sit a voluptates. Occaecati exercitationem aut unde officia eaque et.', 143, 8, 7, '2020-01-13 22:36:53', '2020-01-13 22:36:53'),
(52, 'ut', 'Quae voluptatem et ut est. Possimus ea dolorum in ut voluptatem est. Quia non numquam perspiciatis fugit quibusdam ea dolorem.', 168, 5, 27, '2020-01-13 22:36:53', '2020-01-13 22:36:53'),
(53, 'cumque', 'Magni voluptatem vel quam rerum accusantium explicabo. Laboriosam quae reiciendis neque beatae voluptas. Molestiae amet in commodi adipisci at veniam porro.', 907, 9, 16, '2020-01-13 22:36:53', '2020-01-13 22:36:53'),
(54, 'reiciendis', 'At quis voluptatibus nemo possimus et quibusdam. Debitis perferendis qui animi. Et aspernatur repellat aut sunt qui ipsa quisquam. Dolorem consequatur et vel consequuntur iusto dolore.', 543, 1, 15, '2020-01-13 22:36:53', '2020-01-13 22:36:53'),
(55, 'et', 'Aperiam id earum vitae recusandae ea ipsam tempora. Dolorum amet quas tenetur sequi neque doloremque. Sequi molestiae nam a deserunt.', 816, 7, 29, '2020-01-13 22:36:53', '2020-01-13 22:36:53'),
(56, 'quas', 'Ab quod ut explicabo pariatur dignissimos. Similique similique voluptates odit et aut doloremque tenetur alias. Dignissimos et nihil sint dolor. Tempore sequi aliquam quis expedita facere voluptatem nostrum quo.', 298, 7, 16, '2020-01-13 22:36:53', '2020-01-13 22:36:53'),
(57, 'eius', 'Velit minus atque molestiae et nostrum et ea. Aut et nulla provident molestiae magnam dolorum. Molestiae consequatur quos est placeat. Officia quos vero dolore rerum dolores aut provident facilis.', 558, 9, 9, '2020-01-13 22:36:53', '2020-01-13 22:36:53'),
(58, 'et', 'Provident alias ea voluptatibus in sed modi vel. Odit nobis hic reiciendis sint dignissimos eos. Corporis tenetur praesentium eos.', 494, 4, 2, '2020-01-13 22:36:53', '2020-01-13 22:36:53'),
(59, 'molestiae', 'Accusantium ullam doloremque dolor dolor aut. Non in nostrum harum consequatur. Rerum dicta fuga quas cumque culpa minima. Odio sed dicta veritatis consequatur in debitis cumque.', 172, 9, 26, '2020-01-13 22:36:53', '2020-01-13 22:36:53'),
(60, 'deleniti', 'Beatae distinctio sapiente recusandae. Inventore sed reiciendis assumenda dolorem unde minima. Veritatis iure expedita consequatur et architecto sit ad. Corrupti illo aut est eius architecto. Ut aut asperiores amet est ea magni aspernatur.', 532, 2, 17, '2020-01-13 22:36:53', '2020-01-13 22:36:53'),
(61, 'asperiores', 'Reiciendis minima laudantium quisquam debitis. Hic quos aspernatur aut. Occaecati aut id atque. Sed magnam aliquam nihil voluptatem illum harum.', 94, 5, 12, '2020-01-13 22:36:53', '2020-01-13 22:36:53'),
(62, 'debitis', 'Vitae ipsa qui sapiente voluptatem voluptatem delectus sit. Sit voluptas necessitatibus est quam aut qui. Sit autem quas nihil reiciendis aliquid maxime enim et. Voluptatem excepturi beatae aliquid eos.', 207, 7, 30, '2020-01-13 22:36:53', '2020-01-13 22:36:53'),
(63, 'quis', 'Numquam magni pariatur provident. Eveniet facilis aspernatur cupiditate odit beatae. Ducimus architecto nihil asperiores ipsa. Unde aut tempora iste.', 64, 5, 15, '2020-01-13 22:36:53', '2020-01-13 22:36:53'),
(64, 'officia', 'Sunt illum accusantium tempora tenetur vel ipsa. Perspiciatis alias officiis quidem quaerat animi non. Dolor a sed sed debitis odio placeat est. Sint corporis quo qui accusantium rerum ipsa ut.', 95, 8, 14, '2020-01-13 22:36:53', '2020-01-13 22:36:53'),
(65, 'voluptate', 'Est iste pariatur vero iste. Et natus debitis et sit laboriosam dicta. Earum veritatis eos vel omnis. Rem ut commodi iusto quisquam labore dolorem quo.', 987, 5, 10, '2020-01-13 22:36:53', '2020-01-13 22:36:53'),
(66, 'amet', 'Cupiditate veritatis dolore laborum accusantium doloremque non ea. Ipsa placeat corrupti deserunt. Rem id facere reprehenderit quam. Quia nulla sit debitis cumque omnis.', 346, 8, 2, '2020-01-13 22:36:53', '2020-01-13 22:36:53'),
(67, 'in', 'Corrupti nesciunt exercitationem ea labore nobis ullam. Porro ea voluptatem earum perferendis explicabo. Cum tempore explicabo ex quidem aut. Impedit laudantium ratione praesentium fuga voluptate aut aperiam repudiandae.', 701, 7, 15, '2020-01-13 22:36:53', '2020-01-13 22:36:53'),
(68, 'dolores', 'Unde vero voluptatibus qui id quidem provident quis. Aspernatur animi unde pariatur itaque ut aut et. Natus repellat nam voluptates eum voluptatibus ratione alias.', 160, 3, 14, '2020-01-13 22:36:53', '2020-01-13 22:36:53'),
(69, 'et', 'Dolor ut modi eligendi doloremque. Omnis quasi vitae excepturi vitae itaque perferendis eos at. Est est aspernatur quos aut minima vero. Vero quisquam fugiat inventore.', 418, 8, 18, '2020-01-13 22:36:53', '2020-01-13 22:36:53'),
(70, 'amet', 'Et odio tempore ullam iure et omnis. Rerum quo nam vitae aliquam dolorum. Totam eligendi voluptas architecto nulla natus. Libero quia id ut quo.', 964, 9, 20, '2020-01-13 22:36:53', '2020-01-13 22:36:53'),
(71, 'quia', 'In minima porro velit ratione reprehenderit. Quod sapiente perferendis commodi et. Voluptatem maxime aut perspiciatis libero iste consequatur. Et dignissimos et ipsam. Quas sit ut minus.', 800, 9, 25, '2020-01-13 22:36:53', '2020-01-13 22:36:53'),
(72, 'corporis', 'Id rerum quisquam voluptatem sunt. Qui sed iure vitae debitis rem. Molestias a rerum saepe assumenda qui asperiores earum laboriosam.', 227, 0, 3, '2020-01-13 22:36:53', '2020-01-13 22:36:53'),
(73, 'rerum', 'Ut nam soluta fugiat modi. Pariatur eum sapiente perspiciatis minus commodi et dolorem.', 121, 6, 13, '2020-01-13 22:36:53', '2020-01-13 22:36:53'),
(74, 'facilis', 'Nesciunt omnis est exercitationem accusamus et. Dolorem excepturi voluptatem velit fuga expedita. Eaque explicabo libero vel eum maxime possimus.', 251, 4, 20, '2020-01-13 22:36:53', '2020-01-13 22:36:53'),
(75, 'quo', 'Eos hic quas et magni similique aliquid consequatur. Iure incidunt dignissimos quis ea quia nulla ipsum.', 472, 6, 2, '2020-01-13 22:36:53', '2020-01-13 22:36:53'),
(76, 'ad', 'Assumenda quos et perferendis dolorem blanditiis blanditiis dolore et. Voluptatem ducimus eaque rerum aliquid dignissimos numquam labore. Beatae quidem ipsam fugiat aspernatur quas dolore cum. Quibusdam eum omnis dolores ipsam. Facilis voluptatum qui vero sed ut illo et.', 742, 6, 5, '2020-01-13 22:36:53', '2020-01-13 22:36:53'),
(77, 'cum', 'Facilis numquam ipsum et accusantium culpa. Eum eveniet provident atque error perspiciatis. Saepe magni eum qui a et.', 564, 6, 23, '2020-01-13 22:36:53', '2020-01-13 22:36:53'),
(78, 'ea', 'Dolores nihil nostrum commodi. Autem placeat eius aut inventore. Qui nam voluptas praesentium quia.', 66, 5, 30, '2020-01-13 22:36:53', '2020-01-13 22:36:53'),
(79, 'repudiandae', 'Eos nulla vel voluptatem illo. Vel et praesentium tempora maiores. Saepe dignissimos est quo id. Corporis qui assumenda et veritatis.', 69, 2, 20, '2020-01-13 22:36:53', '2020-01-13 22:36:53'),
(80, 'laudantium', 'Molestiae corrupti impedit sint reiciendis assumenda molestiae omnis. Voluptas omnis similique sint voluptate. Fugit earum et tenetur nihil qui numquam voluptas quos.', 629, 9, 3, '2020-01-13 22:36:53', '2020-01-13 22:36:53'),
(81, 'voluptatem', 'Commodi distinctio qui corporis neque est. Omnis soluta hic quod fugit nihil. Quia suscipit accusantium consequatur et voluptates quos non. Vero optio quaerat vel error eos ut aperiam officiis.', 542, 9, 26, '2020-01-13 22:36:53', '2020-01-13 22:36:53'),
(82, 'id', 'Itaque numquam omnis error et ipsum aut quis. Dolorem magnam nihil cumque. Asperiores reprehenderit non cumque quasi nisi sed ut. Nulla natus minus odit dolor.', 806, 1, 5, '2020-01-13 22:36:53', '2020-01-13 22:36:53'),
(83, 'aperiam', 'Facilis aliquam quisquam cumque eum dolore. Qui doloremque sapiente neque repellendus delectus. Ratione neque rerum ducimus perspiciatis sequi architecto. Sit totam aut qui nesciunt ut. Nisi distinctio qui quas eos.', 643, 6, 9, '2020-01-13 22:36:53', '2020-01-13 22:36:53'),
(84, 'et', 'Quia ipsum reprehenderit ullam consequatur. Cum recusandae et nihil id at quia. Ut illo fugit aut consectetur accusamus soluta.', 640, 1, 19, '2020-01-13 22:36:53', '2020-01-13 22:36:53'),
(85, 'molestiae', 'Eum aut voluptate et nemo accusamus optio. Ducimus sit minus veniam. Blanditiis voluptas rerum quidem ea praesentium placeat. Incidunt quae sit vel aliquid.', 486, 1, 17, '2020-01-13 22:36:53', '2020-01-13 22:36:53'),
(86, 'saepe', 'Sed et iste quia sint minus est blanditiis. Voluptatem vel exercitationem dolores in sunt rerum possimus aut. Recusandae sint aut qui vel non sed iure.', 327, 1, 23, '2020-01-13 22:36:53', '2020-01-13 22:36:53'),
(87, 'dolor', 'Non reprehenderit fuga voluptatem facere beatae. Quo in sint maiores culpa quam a. Veniam commodi omnis voluptas vel. Similique ex earum ut ipsa. Soluta ab commodi ipsam ut consequuntur.', 371, 6, 24, '2020-01-13 22:36:53', '2020-01-13 22:36:53'),
(88, 'voluptatem', 'Amet eos et eveniet explicabo. Qui sunt voluptas dolore rerum quasi autem voluptatem. Fugit sit in explicabo nesciunt quam ullam omnis. Ullam dolorem voluptatem explicabo fuga et. Velit voluptas iure unde nam debitis id.', 267, 2, 6, '2020-01-13 22:36:53', '2020-01-13 22:36:53'),
(89, 'velit', 'Et perspiciatis optio recusandae distinctio aut. Est est ad vel quas ipsa excepturi voluptates. Quod et laudantium maxime aspernatur totam et.', 48, 2, 29, '2020-01-13 22:36:53', '2020-01-13 22:36:53'),
(90, 'aut', 'Architecto quia exercitationem exercitationem consectetur quibusdam. Dolor est dolor ipsam. Repudiandae ea eaque illo autem. Sed blanditiis aut officiis consequatur dicta. Ab molestiae quia consequatur autem porro sint.', 938, 9, 4, '2020-01-13 22:36:53', '2020-01-13 22:36:53'),
(91, 'aliquid', 'Qui consequatur tempore et quos excepturi corporis. Soluta dicta at quidem voluptatem nesciunt. Voluptatem consectetur consequuntur architecto distinctio eveniet iusto sequi. Et similique provident dolor qui.', 346, 4, 29, '2020-01-13 22:36:53', '2020-01-13 22:36:53'),
(92, 'unde', 'Sit qui harum nihil qui qui. Et quia consequatur non voluptatem.', 403, 6, 29, '2020-01-13 22:36:53', '2020-01-13 22:36:53'),
(93, 'et', 'Repellat eveniet adipisci unde voluptatibus sit aut. Dolor vero deleniti enim minima consequatur excepturi tempora. Quis voluptatem eum veritatis et iusto.', 917, 7, 13, '2020-01-13 22:36:53', '2020-01-13 22:36:53'),
(94, 'est', 'Autem tenetur adipisci asperiores alias voluptatem. Natus dolorum ducimus sit optio quidem ut quasi quasi. Est reprehenderit itaque nam debitis. Maxime adipisci recusandae provident quasi expedita distinctio.', 240, 0, 21, '2020-01-13 22:36:53', '2020-01-13 22:36:53'),
(95, 'tenetur', 'Rerum aut enim dolor molestias laboriosam. Excepturi voluptate dolor ex itaque harum officia. Est aut voluptate nisi dolorem explicabo ut.', 333, 3, 24, '2020-01-13 22:36:53', '2020-01-13 22:36:53'),
(96, 'aut', 'Illo asperiores omnis ratione et. Et at minima et et deleniti cumque dolorem et. Corporis ut possimus est recusandae corporis. Tempora eveniet rem aut.', 711, 1, 16, '2020-01-13 22:36:53', '2020-01-13 22:36:53'),
(97, 'sit', 'Sit eos nisi repudiandae dolores nisi debitis. Unde dicta sapiente consectetur beatae. Iusto quaerat quidem iusto. Quia minima et quasi. Nulla libero et voluptatem.', 570, 3, 25, '2020-01-13 22:36:53', '2020-01-13 22:36:53'),
(98, 'dolor', 'Sit cumque labore nihil id quia iste atque maiores. Voluptates quo non aut porro labore ea officia. Et corrupti sapiente adipisci dicta qui ut eligendi.', 358, 0, 16, '2020-01-13 22:36:53', '2020-01-13 22:36:53'),
(99, 'sit', 'Ipsam corrupti rerum facilis aliquam ea ea et. Consequatur molestiae voluptatem fuga vel deleniti. Occaecati quos adipisci architecto qui.', 494, 0, 12, '2020-01-13 22:36:53', '2020-01-13 22:36:53'),
(100, 'molestias', 'Ea eaque consectetur esse aut non est. Rerum aspernatur possimus harum dolores repellendus iure. Fugiat commodi quae fuga voluptatibus.', 345, 5, 9, '2020-01-13 22:36:53', '2020-01-13 22:36:53');

-- --------------------------------------------------------

--
-- Table structure for table `reviews`
--

CREATE TABLE `reviews` (
  `id` int(10) UNSIGNED NOT NULL,
  `product_id` int(10) UNSIGNED NOT NULL,
  `customer` varchar(255) COLLATE utf8mb4_unicode_ci NOT NULL,
  `review` text COLLATE utf8mb4_unicode_ci NOT NULL,
  `star` int(11) NOT NULL,
  `created_at` timestamp NULL DEFAULT NULL,
  `updated_at` timestamp NULL DEFAULT NULL
) ENGINE=InnoDB DEFAULT CHARSET=utf8mb4 COLLATE=utf8mb4_unicode_ci;

--
-- Dumping data for table `reviews`
--

INSERT INTO `reviews` (`id`, `product_id`, `customer`, `review`, `star`, `created_at`, `updated_at`) VALUES
(1, 41, 'Dr. Neva Hammes Sr.', 'Omnis molestias qui deserunt. Quaerat omnis placeat necessitatibus expedita quia maiores ipsa. Et error consequatur id aperiam cumque.', 1, '2020-01-13 22:36:53', '2020-01-13 22:36:53'),
(2, 66, 'John Walter', 'Asperiores molestias repudiandae quas optio atque. Porro reiciendis nisi illum cupiditate sed aliquid dolorem. Consectetur odit asperiores sint rem pariatur illo vel aut. Unde optio aut est non error.', 3, '2020-01-13 22:36:53', '2020-01-13 22:36:53'),
(3, 31, 'Nannie King', 'Ipsam et est ipsum. Doloremque adipisci suscipit earum dolor. Rerum officia deleniti quo voluptate dignissimos excepturi tempora. Officia voluptate aut sit et tenetur est.', 0, '2020-01-13 22:36:53', '2020-01-13 22:36:53'),
(4, 65, 'Bridie McCullough', 'Omnis fuga ut aut quia. Nam velit tempora dolores et nam et. Ut expedita voluptas voluptas recusandae ut. Sed cupiditate reprehenderit inventore eum.', 0, '2020-01-13 22:36:53', '2020-01-13 22:36:53'),
(5, 3, 'Nolan Baumbach DVM', 'Sed eligendi qui beatae accusantium at aut. Voluptatem perspiciatis fuga quidem pariatur distinctio sunt. Quo ut qui qui corporis. Eos porro et et quia qui.', 1, '2020-01-13 22:36:53', '2020-01-13 22:36:53'),
(6, 16, 'Golda Ratke Jr.', 'Alias eos qui fuga consequuntur. In suscipit porro et illum rerum ut est. Qui ut tempore sed quae doloremque non aliquam. Omnis ad beatae eos possimus.', 5, '2020-01-13 22:36:53', '2020-01-13 22:36:53'),
(7, 59, 'Conor Gulgowski', 'Temporibus est voluptatem vel blanditiis. Voluptatem nulla et culpa est eveniet amet ex. Tenetur quibusdam quis occaecati aliquid.', 1, '2020-01-13 22:36:53', '2020-01-13 22:36:53'),
(8, 26, 'Mr. Nickolas Beahan', 'Sit omnis doloremque nobis earum modi. Quas qui ipsum omnis. Et et nam voluptatem et magnam voluptatibus pariatur. Consequatur sequi et consectetur a accusantium laudantium.', 1, '2020-01-13 22:36:53', '2020-01-13 22:36:53'),
(9, 55, 'Jamel O\'Conner', 'Nihil laborum natus rerum omnis. Nulla accusamus natus maiores dolores amet pariatur. Aut libero quo fugiat cupiditate velit ullam.', 0, '2020-01-13 22:36:53', '2020-01-13 22:36:53'),
(10, 74, 'Dr. Lamar Hill PhD', 'Non dolorem soluta ut quia accusantium. Tempore ullam voluptas dignissimos et. Natus nostrum voluptatem mollitia amet.', 1, '2020-01-13 22:36:53', '2020-01-13 22:36:53'),
(11, 77, 'Tressie Boyle', 'Esse beatae et ea consequatur ut. Voluptas est mollitia numquam. Ipsum laborum quas id temporibus. Molestiae optio nemo et vel officiis qui tenetur.', 4, '2020-01-13 22:36:53', '2020-01-13 22:36:53'),
(12, 20, 'Tobin Mann', 'Quae quod eligendi maxime eius magni recusandae vero. Quis ab ipsa est neque cumque. Vero sint doloribus delectus ut.', 1, '2020-01-13 22:36:53', '2020-01-13 22:36:53'),
(13, 14, 'Ona Renner', 'Aut rem qui explicabo voluptates. Veritatis similique quasi porro doloribus.', 1, '2020-01-13 22:36:53', '2020-01-13 22:36:53'),
(14, 45, 'Marjolaine Cole', 'Et aut consectetur ipsam. Molestias id in quibusdam at voluptatem. Impedit quibusdam sunt dolor. Sit ab distinctio neque excepturi aperiam sint.', 0, '2020-01-13 22:36:53', '2020-01-13 22:36:53'),
(15, 30, 'Max Walter', 'Quo id aut non eum fugit. Id dolores omnis quasi sit deleniti corporis accusamus. Fugit aut fugiat magni porro ut atque mollitia.', 3, '2020-01-13 22:36:53', '2020-01-13 22:36:53'),
(16, 58, 'Genoveva Rice II', 'Et explicabo esse debitis quam. Nisi suscipit repellendus numquam doloribus enim sequi soluta dolores.', 5, '2020-01-13 22:36:53', '2020-01-13 22:36:53'),
(17, 5, 'Darby Lakin', 'Aut harum natus rem labore sapiente perferendis. Perspiciatis soluta ut aut quaerat beatae quia. Illum repudiandae ex in sed deleniti odio. Eos corrupti cupiditate minima consequatur et atque.', 1, '2020-01-13 22:36:53', '2020-01-13 22:36:53'),
(18, 75, 'Terrance Padberg', 'Qui et rerum iure suscipit nam quam reiciendis. Dolores eveniet illo numquam aperiam dolor. Atque magni tempore rem dolor non.', 2, '2020-01-13 22:36:53', '2020-01-13 22:36:53'),
(19, 100, 'Oral Yost', 'Quos alias tempora alias eius et. Ullam non eligendi ut aut eum sunt pariatur. Consequatur consequuntur optio occaecati atque. Possimus velit sunt corporis animi. Quasi officiis voluptatum eum dolores quia tempora quo doloribus.', 0, '2020-01-13 22:36:53', '2020-01-13 22:36:53'),
(20, 61, 'Roosevelt Rath', 'Numquam animi quae aut nemo atque quam tempora. Quas asperiores voluptatibus fuga qui quas voluptas rem. Quia aut odit iste molestiae sed error omnis.', 2, '2020-01-13 22:36:53', '2020-01-13 22:36:53'),
(21, 49, 'Miss Santina Brekke MD', 'Enim sit enim sit omnis. Tempore aliquam non quod hic nobis. Quasi eius consequatur cumque quasi quod hic. Voluptatem ex est est voluptatum minima sunt.', 5, '2020-01-13 22:36:54', '2020-01-13 22:36:54'),
(22, 94, 'Dr. Conner Wuckert', 'Repellat eos rerum rerum. Ea rerum sit occaecati rerum illum aut. Nobis expedita qui natus nihil et.', 4, '2020-01-13 22:36:54', '2020-01-13 22:36:54'),
(23, 19, 'Jarod Schmidt', 'Placeat autem dolores dignissimos maxime possimus sit. Sint et perferendis dolores laborum exercitationem perferendis id. Nulla qui quis praesentium. Quas similique quos omnis ut omnis dolore.', 5, '2020-01-13 22:36:54', '2020-01-13 22:36:54'),
(24, 38, 'Sandra Hilpert', 'Voluptatem est saepe iusto placeat quae perferendis. Cum occaecati quis aliquam illum labore cumque perferendis. Nihil corporis eos corporis dignissimos quia voluptatibus quibusdam rerum. Quae quo debitis dolorum autem sint harum. Velit praesentium et dolorem autem praesentium deleniti dolores.', 2, '2020-01-13 22:36:54', '2020-01-13 22:36:54'),
(25, 47, 'Karson Lang DDS', 'Iste libero voluptatem dignissimos inventore cumque harum laudantium. Cum molestiae unde quasi voluptatem. Quis maiores natus cumque quos.', 5, '2020-01-13 22:36:54', '2020-01-13 22:36:54'),
(26, 65, 'Nickolas Hermiston', 'Dolorem omnis et assumenda est. Quibusdam laborum sint est ipsum.', 3, '2020-01-13 22:36:54', '2020-01-13 22:36:54'),
(27, 43, 'Dorthy O\'Conner', 'Officia et nihil magni aut voluptas quia. Facilis veritatis magnam commodi dolor temporibus. Fugit voluptatem quia harum architecto fugit. Autem molestiae saepe laudantium molestiae quidem repudiandae.', 0, '2020-01-13 22:36:54', '2020-01-13 22:36:54'),
(28, 92, 'Prof. Rosetta Dach Sr.', 'Architecto delectus sit numquam ut. Eaque earum officia iure quibusdam vero molestias enim. Dolor minima eaque temporibus dolores nihil.', 3, '2020-01-13 22:36:54', '2020-01-13 22:36:54'),
(29, 6, 'Miss Elenor Klocko MD', 'Incidunt illum odit quos nihil delectus ut. Minima rerum libero magni. Nulla numquam illo voluptatem ducimus veritatis. Pariatur iure eum labore modi est.', 4, '2020-01-13 22:36:54', '2020-01-13 22:36:54'),
(30, 62, 'Donald Gutkowski DDS', 'Accusamus in asperiores aut quasi aspernatur. Iusto rerum officia corporis voluptates quis. Minima sint quam consequatur. Voluptatum veniam nisi necessitatibus voluptas dolores sint aliquam.', 1, '2020-01-13 22:36:54', '2020-01-13 22:36:54'),
(31, 97, 'Mr. Furman Heaney IV', 'Quis ut quas iure ex. Sequi voluptatem quis et nesciunt voluptatum consequuntur quasi. Iste quis unde dolorem delectus non occaecati eos. Omnis repudiandae qui iure laudantium odio at voluptatem.', 0, '2020-01-13 22:36:54', '2020-01-13 22:36:54'),
(32, 60, 'Prof. Esperanza Dach', 'Sint omnis et perspiciatis occaecati dicta. Minima voluptatibus maiores odio neque ipsa eius. Ducimus similique error nam.', 0, '2020-01-13 22:36:54', '2020-01-13 22:36:54'),
(33, 54, 'Hollie Hammes', 'Est voluptas praesentium qui distinctio voluptatum. Quos molestiae nulla laudantium at. Quo possimus voluptas eum voluptas sapiente. Quisquam aut enim dolorem voluptas. Quod in rerum repellat illo molestias iure voluptatem quia.', 1, '2020-01-13 22:36:54', '2020-01-13 22:36:54'),
(34, 34, 'Lavinia Wolff', 'Nesciunt libero enim ut deserunt non consequatur. Illo laudantium dolorum voluptatem eius aut. Dolor ut ea non ut cumque rem qui. Porro quod reiciendis sint quibusdam.', 0, '2020-01-13 22:36:54', '2020-01-13 22:36:54'),
(35, 41, 'Veda Adams', 'Architecto odio eligendi perspiciatis quas quibusdam voluptatem. Et neque accusantium rem libero asperiores saepe harum. Quisquam illo eos iusto ullam. Eum nulla ducimus eveniet enim voluptates.', 3, '2020-01-13 22:36:54', '2020-01-13 22:36:54'),
(36, 7, 'Mrs. Kallie Nitzsche', 'Facere necessitatibus quod culpa quam minus. Quos accusantium totam sit ipsa veniam iusto qui. Consequuntur doloribus rerum amet debitis officiis ea atque sed.', 2, '2020-01-13 22:36:54', '2020-01-13 22:36:54'),
(37, 70, 'Breana Douglas', 'Tempore magni nulla ratione laudantium consequatur unde ut autem. Quos eum rerum iusto ut laudantium vero expedita. Quia laudantium ducimus quia minus molestiae quo nemo ut.', 3, '2020-01-13 22:36:54', '2020-01-13 22:36:54'),
(38, 54, 'Kayla Schmeler', 'Itaque et est explicabo dolorum. Consequuntur error beatae sunt nesciunt. Fuga iure voluptatem quidem ducimus quos est incidunt.', 4, '2020-01-13 22:36:54', '2020-01-13 22:36:54'),
(39, 35, 'Prof. Weston Ward', 'Amet odit sed pariatur sapiente perspiciatis. Dolorem et quis similique dicta repellendus architecto. Reprehenderit sint omnis earum voluptatum. Ut eos nesciunt quos et.', 3, '2020-01-13 22:36:54', '2020-01-13 22:36:54'),
(40, 94, 'Kailee Goodwin', 'Ut dolores qui incidunt est eveniet animi ullam. Voluptates laudantium aperiam aut quisquam consectetur tempora. Est delectus voluptatibus quos aut reiciendis dolorem. Beatae voluptatum sed voluptatem et optio.', 2, '2020-01-13 22:36:54', '2020-01-13 22:36:54'),
(41, 14, 'Imogene Boyer', 'Nesciunt ut dolores aliquid laboriosam. Placeat vel soluta iure.', 1, '2020-01-13 22:36:54', '2020-01-13 22:36:54'),
(42, 29, 'Karelle Beahan', 'Tempora rerum inventore sed ut ipsa quae deserunt ut. Eum et animi eaque ut voluptate cumque sit doloremque. Minima veritatis dolor quis consequatur consequatur in et.', 5, '2020-01-13 22:36:54', '2020-01-13 22:36:54'),
(43, 89, 'Dr. Skye Little PhD', 'Veritatis aliquid quas officia hic. Non et aut nam corporis temporibus voluptates. Ratione quos similique error quidem aut est reiciendis. Rerum voluptates aut excepturi officiis officia et. Minima officiis a sint enim ea sequi possimus enim.', 2, '2020-01-13 22:36:54', '2020-01-13 22:36:54'),
(44, 98, 'Jackie Dickens', 'Placeat nostrum voluptate in aspernatur et. Debitis est eos aspernatur vero. Laborum iste aut sint saepe. Quod nam voluptatem consequuntur voluptatem dolor dicta dolore.', 4, '2020-01-13 22:36:54', '2020-01-13 22:36:54'),
(45, 14, 'Kaylah Williamson', 'Autem aliquam qui distinctio quos amet neque. Sunt illo ex quo aliquam. Enim sit commodi rem.', 5, '2020-01-13 22:36:54', '2020-01-13 22:36:54'),
(46, 18, 'Collin Wintheiser V', 'Autem quia odit aperiam laborum ullam ipsa ut. Architecto illum expedita aut expedita sit dolore doloremque. Porro et esse nihil qui porro modi quaerat.', 2, '2020-01-13 22:36:54', '2020-01-13 22:36:54'),
(47, 29, 'Collin Kuhn', 'Deleniti qui est illum rerum at aliquid. Hic est aut consectetur aliquid minus non quo.', 3, '2020-01-13 22:36:54', '2020-01-13 22:36:54'),
(48, 76, 'Brenna Marquardt', 'Aut necessitatibus officia dolorem minus illo. Aliquid ullam placeat magni quod quia vitae veniam. Dolores ut consequatur sed cupiditate accusantium ut. Non et distinctio atque rerum cupiditate.', 3, '2020-01-13 22:36:54', '2020-01-13 22:36:54'),
(49, 59, 'Karine Hoppe', 'Excepturi hic unde odit sint velit perferendis. Vel et culpa labore quibusdam aliquam. Assumenda distinctio animi quod non ea.', 1, '2020-01-13 22:36:54', '2020-01-13 22:36:54'),
(50, 90, 'Trace Price', 'Voluptas eaque architecto vero et. Eos aperiam enim excepturi. Vitae non explicabo placeat accusantium. Adipisci eveniet voluptatem temporibus laborum necessitatibus est.', 4, '2020-01-13 22:36:54', '2020-01-13 22:36:54'),
(51, 98, 'Prof. Marcos Greenholt', 'Nihil natus voluptatem velit doloribus quae. Voluptatem non in culpa est. Asperiores et itaque optio recusandae est pariatur. Totam quibusdam repellat sequi praesentium quo qui temporibus.', 1, '2020-01-13 22:36:54', '2020-01-13 22:36:54'),
(52, 22, 'Sallie Gutmann PhD', 'Id dicta reprehenderit necessitatibus voluptatibus animi laboriosam numquam. Maxime quisquam sit non neque omnis qui tempora est. Possimus aperiam sint nam aspernatur quia. Asperiores voluptates rerum est repudiandae accusantium incidunt veritatis soluta.', 3, '2020-01-13 22:36:54', '2020-01-13 22:36:54'),
(53, 6, 'Courtney Grant', 'Amet vel dolorem explicabo odit voluptate voluptatem dolores. Magnam in earum impedit corporis est. Tenetur temporibus nostrum non voluptatum aspernatur explicabo.', 5, '2020-01-13 22:36:54', '2020-01-13 22:36:54'),
(54, 93, 'Miss Leola Johnson', 'Voluptatem corrupti ea id. Vitae tempore in voluptatum repellat fugiat in molestias. Voluptas consequuntur dolorum quas iusto beatae praesentium.', 1, '2020-01-13 22:36:54', '2020-01-13 22:36:54'),
(55, 4, 'Arthur Morissette I', 'Alias earum temporibus minima iste. Facere et magni alias ut quis non ut ipsam. Voluptatibus occaecati fugit adipisci blanditiis dolore voluptatem harum enim.', 3, '2020-01-13 22:36:54', '2020-01-13 22:36:54'),
(56, 91, 'Aaron Schuppe', 'Sit non dolores consequatur exercitationem. Maiores esse dolor aut voluptatem iure repellendus. Quis enim rerum ut dolorum in porro porro.', 2, '2020-01-13 22:36:54', '2020-01-13 22:36:54'),
(57, 1, 'Eugenia Stamm', 'Ea repudiandae sapiente esse in. Quis est aperiam est est est soluta quaerat. Quia quisquam id aut soluta deleniti.', 3, '2020-01-13 22:36:54', '2020-01-13 22:36:54'),
(58, 75, 'Jose Cartwright', 'Quo rerum at velit quibusdam repellendus placeat. Adipisci fugit deserunt sit eum voluptatem qui. Facere magnam odio consequatur officia cum nihil similique velit.', 5, '2020-01-13 22:36:54', '2020-01-13 22:36:54'),
(59, 67, 'Bradley Stamm', 'Repellendus quisquam quis autem et excepturi. Sit eos veniam est sint dolorum veritatis accusantium quod. Nesciunt amet ex earum. Nobis voluptas ut et aperiam non et qui.', 2, '2020-01-13 22:36:54', '2020-01-13 22:36:54'),
(60, 93, 'Kameron Maggio', 'Autem quis beatae enim laudantium magni quisquam quam placeat. Fugit excepturi eum voluptatem et voluptatem.', 2, '2020-01-13 22:36:54', '2020-01-13 22:36:54'),
(61, 54, 'Kenneth Osinski I', 'Ea architecto soluta voluptatum. Laudantium ducimus rerum magnam consectetur. Architecto ut sed sed voluptatibus.', 3, '2020-01-13 22:36:54', '2020-01-13 22:36:54'),
(62, 89, 'Vance Sauer', 'Non et velit veniam nulla. Minus numquam saepe provident libero quidem occaecati qui. Nostrum aperiam sint sint ipsum. Ex porro et quod velit non necessitatibus quo.', 2, '2020-01-13 22:36:54', '2020-01-13 22:36:54'),
(63, 81, 'Oscar Bechtelar', 'Quisquam eligendi consequatur veritatis. Consequatur mollitia repellendus tempore consequuntur provident.', 3, '2020-01-13 22:36:54', '2020-01-13 22:36:54'),
(64, 23, 'Lily Ferry', 'Ducimus sed culpa ut sunt dolor sunt. Beatae consectetur explicabo et et rerum. Recusandae magnam sunt ipsam rem aut officia laborum.', 4, '2020-01-13 22:36:54', '2020-01-13 22:36:54'),
(65, 2, 'Mohamed Volkman', 'Iure nobis excepturi et occaecati facere accusamus molestiae. Nostrum totam quo repellat consequatur. Nesciunt nam temporibus minima qui aut distinctio. Et aut quod et consequuntur.', 2, '2020-01-13 22:36:54', '2020-01-13 22:36:54'),
(66, 86, 'Yasmin Lakin', 'Eaque distinctio velit maxime nulla dolorum aut eum corporis. Eligendi sed id inventore et voluptas repudiandae. Neque rerum aspernatur animi sit placeat illo id quasi. Vero id quis nihil sunt quis a.', 2, '2020-01-13 22:36:54', '2020-01-13 22:36:54'),
(67, 100, 'Dr. Kenton Kling IV', 'Quis ullam autem explicabo dicta possimus ad. Porro provident occaecati cum modi. Quia est deserunt sunt temporibus. Quasi ratione et repudiandae accusamus.', 3, '2020-01-13 22:36:54', '2020-01-13 22:36:54'),
(68, 23, 'Rosario Altenwerth', 'Eos ut nisi nulla aperiam culpa voluptatem. Natus vel illum voluptas doloremque incidunt fugiat aut. Magnam a est culpa alias.', 5, '2020-01-13 22:36:54', '2020-01-13 22:36:54'),
(69, 82, 'Alysson Gerlach', 'Soluta tenetur quasi nemo totam quo ullam labore. Ad reiciendis itaque impedit veniam sequi iusto nihil. Necessitatibus quia quam odio unde nemo cum.', 4, '2020-01-13 22:36:54', '2020-01-13 22:36:54'),
(70, 59, 'Angel Rau', 'Qui quo nostrum molestiae facilis aut placeat. Occaecati enim voluptas et totam. Quisquam ut illo perspiciatis quis velit nostrum dolores.', 5, '2020-01-13 22:36:54', '2020-01-13 22:36:54'),
(71, 76, 'Minnie Boyle', 'Molestiae ipsam non aut voluptatibus excepturi optio officia. Qui iusto dolorum nihil tempore.', 4, '2020-01-13 22:36:54', '2020-01-13 22:36:54'),
(72, 61, 'Prof. Cicero Kutch', 'Quaerat quia molestiae nostrum ad earum rerum fugit. Consectetur molestias natus cum laboriosam in nihil. Error ipsum voluptate sapiente dolor ad qui.', 0, '2020-01-13 22:36:54', '2020-01-13 22:36:54'),
(73, 68, 'Ralph Goodwin', 'Ut et cumque officiis qui facilis. Qui repellendus dolores aspernatur neque. Voluptatem modi nemo nostrum velit.', 1, '2020-01-13 22:36:54', '2020-01-13 22:36:54'),
(74, 8, 'Doug Crist', 'Nostrum molestiae consequatur eum quo et consequatur sint. Sed qui voluptatem tenetur temporibus ipsam rerum. Maiores ut iusto qui.', 5, '2020-01-13 22:36:54', '2020-01-13 22:36:54'),
(75, 51, 'Miss Beverly Hartmann', 'Enim quia eos rerum aut et doloremque. Incidunt magni quaerat accusantium nihil vel in. Omnis enim tenetur corrupti quia praesentium accusantium.', 0, '2020-01-13 22:36:54', '2020-01-13 22:36:54'),
(76, 95, 'Miss Modesta Franecki III', 'Consectetur et consequatur quod ipsum neque fugiat. Quo explicabo iusto excepturi vel amet. Nesciunt nam dicta totam delectus consequatur ea quia. Consequuntur voluptatem quos ullam eos nihil quis et.', 4, '2020-01-13 22:36:54', '2020-01-13 22:36:54'),
(77, 69, 'Ivah Koch Jr.', 'Molestiae est nihil ipsum adipisci quasi. Voluptas est non aut sit. Nisi voluptatibus sit quidem magnam possimus et. Doloribus pariatur eveniet omnis vel.', 5, '2020-01-13 22:36:54', '2020-01-13 22:36:54'),
(78, 57, 'Dr. Grady Welch II', 'Aliquam sint eaque assumenda repudiandae possimus. Expedita et pariatur est itaque omnis molestiae nihil. Aspernatur incidunt numquam molestiae explicabo et. Maxime eaque ut enim.', 2, '2020-01-13 22:36:54', '2020-01-13 22:36:54'),
(79, 69, 'Miss Kali Hansen I', 'Et quasi sint maxime a fuga qui. Quo voluptatem eligendi iste similique et amet at aliquid. Alias cupiditate quibusdam qui qui aut. Eos recusandae cum deleniti amet in totam consequatur.', 1, '2020-01-13 22:36:54', '2020-01-13 22:36:54'),
(80, 34, 'Shea Jenkins', 'Maxime occaecati et totam nesciunt nemo aut. Quo perferendis eos ducimus consequatur temporibus. Aut et consequatur vel.', 1, '2020-01-13 22:36:54', '2020-01-13 22:36:54'),
(81, 87, 'Miss Candice Cummings', 'Voluptas ab voluptatibus perferendis sit et architecto dolores. A quia et est itaque.', 0, '2020-01-13 22:36:54', '2020-01-13 22:36:54'),
(82, 2, 'Dr. Burley Huel', 'Ut non rerum sit nihil et id nisi. Qui ipsam corrupti quas. Aut accusamus rem aut maiores. Aspernatur a tenetur a velit dolorem sit.', 3, '2020-01-13 22:36:54', '2020-01-13 22:36:54'),
(83, 91, 'Mara Sauer I', 'Cupiditate qui ipsam veniam quo repellendus et. Omnis ea id quasi temporibus. Culpa earum eos neque quis. Voluptatem in et minima dignissimos.', 4, '2020-01-13 22:36:54', '2020-01-13 22:36:54'),
(84, 52, 'Dr. Dane Luettgen', 'Debitis non et in ea dolor numquam quia. Velit recusandae ea enim et similique voluptas cupiditate. Necessitatibus eos accusantium id enim maxime molestiae non.', 5, '2020-01-13 22:36:54', '2020-01-13 22:36:54'),
(85, 4, 'Gerardo Collins', 'Quis accusantium accusantium qui nam aut occaecati. Dicta adipisci molestiae et voluptatibus ea repudiandae harum dolor. Et molestias porro est in. Voluptatem non aut sit ullam ad non voluptatem.', 3, '2020-01-13 22:36:54', '2020-01-13 22:36:54'),
(86, 5, 'Kirstin Koss', 'Placeat cum cupiditate dolor. Provident mollitia vel atque qui quos quas. Libero maiores dolore quis quidem odit laboriosam sint.', 0, '2020-01-13 22:36:54', '2020-01-13 22:36:54'),
(87, 96, 'Alessandro Bode', 'In quod nobis optio nisi enim velit sit. Quaerat omnis vel vel quisquam explicabo. Dicta aut laborum et iusto. Impedit est quae officiis tempore in molestiae exercitationem.', 2, '2020-01-13 22:36:54', '2020-01-13 22:36:54'),
(88, 45, 'Prof. Forrest Kassulke', 'Rerum consectetur sunt porro asperiores amet consequatur. Eaque omnis rerum veniam facere et quisquam. Nihil impedit saepe omnis aut quia est quaerat asperiores. Repellendus quidem doloremque culpa blanditiis blanditiis ut omnis. Rerum inventore provident dicta impedit neque repudiandae iure.', 2, '2020-01-13 22:36:54', '2020-01-13 22:36:54'),
(89, 7, 'Miss Esmeralda Gerhold PhD', 'Repellat eaque et aliquid voluptates. Qui eum molestiae in distinctio amet optio. Modi et asperiores similique earum.', 4, '2020-01-13 22:36:54', '2020-01-13 22:36:54'),
(90, 58, 'Esperanza Hermiston V', 'Ut soluta laboriosam amet odio nam ut. Temporibus perferendis rerum fugiat cupiditate recusandae illo ut. Aliquid omnis corrupti ducimus officia quos occaecati.', 2, '2020-01-13 22:36:54', '2020-01-13 22:36:54'),
(91, 50, 'Noble Strosin', 'Ipsam accusantium sunt blanditiis nostrum commodi quibusdam consequatur. Assumenda saepe corrupti facere. Eos est excepturi eum quae et vel illum praesentium. Laudantium aspernatur nulla nobis provident inventore.', 1, '2020-01-13 22:36:54', '2020-01-13 22:36:54'),
(92, 53, 'Daniela Adams', 'Quo a voluptate cupiditate debitis. Blanditiis nihil eius saepe accusantium ipsam sit. Fuga est saepe labore velit.', 3, '2020-01-13 22:36:54', '2020-01-13 22:36:54'),
(93, 89, 'Ms. Viva Berge', 'Accusantium vero qui dolorum saepe corrupti quis eaque. Iste voluptates molestiae perspiciatis sit est ex amet quasi. Quo et impedit et facilis recusandae tempora qui. Sunt eum in fugiat qui quibusdam autem ullam.', 5, '2020-01-13 22:36:54', '2020-01-13 22:36:54'),
(94, 78, 'Miss Twila Anderson DDS', 'Dolorum quibusdam provident occaecati maiores non in. A est sint magni quod. Numquam alias autem consectetur praesentium deserunt.', 2, '2020-01-13 22:36:54', '2020-01-13 22:36:54'),
(95, 37, 'Hellen White', 'Sapiente rem nihil voluptatem accusantium. Asperiores non deleniti repellat debitis aliquam at. Incidunt accusamus temporibus dolor qui ut tempore. Adipisci consequatur autem aliquid.', 2, '2020-01-13 22:36:54', '2020-01-13 22:36:54'),
(96, 89, 'Mallie Hauck', 'Optio rerum iste ullam ad voluptas. Sit eos est consectetur expedita sit. Cumque dolore ullam error. At cupiditate totam vel natus eveniet magnam rerum eligendi.', 0, '2020-01-13 22:36:54', '2020-01-13 22:36:54'),
(97, 11, 'Helena Kihn', 'Sequi dolore tempora ea error. Non laboriosam praesentium voluptas quo et ea. Eum adipisci nihil ducimus vel aut eveniet.', 1, '2020-01-13 22:36:54', '2020-01-13 22:36:54'),
(98, 57, 'Berenice Walter', 'Nostrum perferendis ut et corporis et porro. Perspiciatis perferendis voluptas iste culpa. Natus quia minima aut quia.', 2, '2020-01-13 22:36:54', '2020-01-13 22:36:54'),
(99, 80, 'Clair Fisher', 'Officia aut doloremque dolor voluptas molestiae vel possimus dolores. Voluptatem voluptas tempore deserunt voluptatem modi. Quo ipsum suscipit omnis hic hic blanditiis aliquid.', 2, '2020-01-13 22:36:54', '2020-01-13 22:36:54'),
(100, 26, 'Reanna Kuhn', 'Eveniet quam tempore vitae et. Accusamus et facilis aut qui nesciunt omnis. Ea reiciendis quas non corporis est.', 1, '2020-01-13 22:36:54', '2020-01-13 22:36:54'),
(101, 1, 'Giovanny Schmeler MD', 'Architecto omnis laborum sit et perspiciatis dolorum omnis. Quisquam corrupti eos at atque error.', 3, '2020-01-13 22:36:54', '2020-01-13 22:36:54'),
(102, 50, 'Mathias Bode', 'Eligendi laborum assumenda laborum sit. Ea nostrum et tenetur deserunt vel natus ab. Et fugit ipsa eveniet.', 3, '2020-01-13 22:36:54', '2020-01-13 22:36:54'),
(103, 33, 'Prof. Martin Zboncak II', 'At sunt harum reprehenderit iusto. Velit nostrum perferendis ex eum temporibus. Consequatur ut non est quidem ratione. Similique rerum ipsa corporis rem ut repellat.', 4, '2020-01-13 22:36:54', '2020-01-13 22:36:54'),
(104, 100, 'Dr. Ricardo Connelly', 'Error sit neque ipsam saepe quos et sed rerum. Sunt et dignissimos id rerum totam aut.', 0, '2020-01-13 22:36:54', '2020-01-13 22:36:54'),
(105, 86, 'Dr. Lyla Stoltenberg IV', 'Nostrum aliquid fugiat autem ut similique a deleniti. Quam eum atque qui ut. Eos ea id ratione quia dicta nobis delectus.', 0, '2020-01-13 22:36:54', '2020-01-13 22:36:54'),
(106, 8, 'Mr. Tracey Kuhlman', 'Repellat tenetur reiciendis corporis. Numquam consequatur ea ad hic quidem qui esse. Delectus qui quia et maiores quae libero. Illo et deserunt est aperiam nesciunt dicta repellat iure.', 0, '2020-01-13 22:36:54', '2020-01-13 22:36:54'),
(107, 40, 'Luigi Herman', 'Et dignissimos dolorem est consequatur. Numquam molestiae fugiat repudiandae deserunt ut ut vero architecto. Iste fugit est odio et qui rerum blanditiis earum. Voluptas aut illo ut non.', 1, '2020-01-13 22:36:54', '2020-01-13 22:36:54'),
(108, 57, 'Miss Nyah Aufderhar', 'Natus aperiam nulla quasi nostrum incidunt. Fuga qui consequatur qui quis aliquam. Incidunt perferendis placeat vel.', 1, '2020-01-13 22:36:54', '2020-01-13 22:36:54'),
(109, 63, 'Miss Earnestine Harris', 'Atque qui eum et eius officia mollitia. Aperiam sed impedit repellendus maiores. Cum cupiditate eveniet id dolor corporis dolores accusamus dolorem.', 1, '2020-01-13 22:36:54', '2020-01-13 22:36:54'),
(110, 71, 'Victoria Lang MD', 'Alias quasi nemo omnis atque sunt. Repellendus ducimus ullam molestias est mollitia et quaerat deserunt. Aut iste ad veritatis sed fugit. Dolore cupiditate eaque recusandae veniam.', 3, '2020-01-13 22:36:54', '2020-01-13 22:36:54'),
(111, 9, 'Mya Schimmel', 'Incidunt voluptatem recusandae vitae vel debitis. Dolore at cum eos. Molestiae nam suscipit placeat ut et quo tenetur. Qui et doloribus et animi sunt.', 4, '2020-01-13 22:36:54', '2020-01-13 22:36:54'),
(112, 37, 'Stefanie Rice', 'Aut aut aut et nostrum impedit quo. Voluptates quis quam voluptatem. Voluptatum neque dolore dolores quis delectus rem.', 5, '2020-01-13 22:36:54', '2020-01-13 22:36:54'),
(113, 92, 'Candace Hilpert', 'Sit quibusdam illum delectus debitis ratione amet. Rerum alias facere aut dolor voluptate repellat. Inventore nesciunt consectetur libero quod maiores laboriosam esse quia. Ducimus dolorem et qui mollitia eos.', 1, '2020-01-13 22:36:54', '2020-01-13 22:36:54'),
(114, 68, 'Lourdes Jast', 'Quaerat nemo sint quos illum molestias qui id. Voluptatem quia iure quae omnis. Voluptas expedita nesciunt atque incidunt est quos.', 0, '2020-01-13 22:36:54', '2020-01-13 22:36:54'),
(115, 55, 'Okey Borer DVM', 'Ipsam libero voluptas eum mollitia qui ea voluptates id. Veritatis nam quia fugit. Praesentium doloribus dolor in.', 1, '2020-01-13 22:36:54', '2020-01-13 22:36:54'),
(116, 53, 'Thalia Klein', 'Veniam blanditiis molestias voluptatem et. Veritatis consequatur quam ex esse debitis et qui. Voluptatem architecto quisquam et nostrum quo nam cupiditate. Et sit omnis rerum. Ex vitae iste vero consequatur quam ut aspernatur.', 5, '2020-01-13 22:36:54', '2020-01-13 22:36:54'),
(117, 26, 'Brennan Donnelly', 'Odit illum quia est provident error sunt. Quas occaecati aliquam tempore velit. Ducimus facere sit voluptas sit.', 4, '2020-01-13 22:36:54', '2020-01-13 22:36:54'),
(118, 89, 'Onie Murphy', 'Id omnis quas quam qui. Dolores aut expedita hic molestiae eos dolor. Voluptates sunt amet et suscipit aut labore sed. Et et mollitia aut et dicta.', 2, '2020-01-13 22:36:54', '2020-01-13 22:36:54'),
(119, 65, 'Miss Lonie Bosco Sr.', 'Sequi eum sunt aut omnis aut fugiat. In ad dolorem similique omnis quos. Culpa ipsam natus itaque quibusdam reiciendis. Aut debitis inventore vitae quisquam dolores quos voluptas.', 2, '2020-01-13 22:36:54', '2020-01-13 22:36:54'),
(120, 38, 'Mr. Maximus Gutkowski', 'Labore non sint consequuntur et placeat quis ut. Tenetur unde reiciendis delectus beatae maiores. Est explicabo modi doloremque quae perspiciatis.', 0, '2020-01-13 22:36:54', '2020-01-13 22:36:54'),
(121, 25, 'Prof. Hillard Gutkowski PhD', 'Voluptas cupiditate quis voluptatem enim. Ab qui qui voluptatem quia accusantium veniam. Dolorem ducimus consequatur consequuntur quis asperiores vel.', 0, '2020-01-13 22:36:54', '2020-01-13 22:36:54'),
(122, 63, 'Dr. Reagan Runte', 'Quibusdam nisi similique adipisci similique explicabo a. Explicabo saepe dolor velit amet ipsum minus. Nam assumenda nesciunt et rem ut qui. Maiores deserunt non nulla cum.', 3, '2020-01-13 22:36:54', '2020-01-13 22:36:54'),
(123, 84, 'Mr. Kristofer Koss', 'Sint quos eligendi numquam voluptatem. Voluptatum fugit eius odit et laboriosam quos et. Dolores illo accusamus iste cumque possimus fuga at. Est alias eligendi sit veritatis.', 5, '2020-01-13 22:36:54', '2020-01-13 22:36:54'),
(124, 59, 'Miss Dovie Rippin PhD', 'Quia voluptatibus voluptatem adipisci. Ut consequatur in saepe omnis dignissimos repellat sit labore. Voluptatum ex ipsum consequatur eius quae illo nam.', 4, '2020-01-13 22:36:54', '2020-01-13 22:36:54'),
(125, 52, 'Mr. Frederic Jaskolski Sr.', 'Ut alias laboriosam recusandae delectus illo est facere. Provident sed adipisci odio et ut animi. Quasi aut unde beatae ut enim quibusdam mollitia. Officiis non consequatur commodi quis. Voluptatem eligendi consequatur omnis amet.', 3, '2020-01-13 22:36:54', '2020-01-13 22:36:54'),
(126, 16, 'Prof. Samanta Wiza MD', 'Optio sunt laboriosam eos culpa. Illum dolor dignissimos quo cum numquam fuga labore quia. Rem sunt saepe illo vel rerum dolores impedit quaerat. Ea at tempore et culpa.', 4, '2020-01-13 22:36:54', '2020-01-13 22:36:54'),
(127, 98, 'Braulio Lang', 'Esse voluptas nihil repellat aut. Enim saepe aut minima qui id perferendis. Vitae rerum necessitatibus aut libero laboriosam.', 2, '2020-01-13 22:36:54', '2020-01-13 22:36:54'),
(128, 9, 'Margarita Feil', 'Voluptatem rerum quis quia fuga ex. Doloribus consectetur provident illum sunt fugiat occaecati maxime et. Sit impedit facere quasi suscipit et et. Eaque consequatur est aut soluta est.', 3, '2020-01-13 22:36:54', '2020-01-13 22:36:54'),
(129, 43, 'Mr. Wilfredo Wiegand', 'Omnis est dignissimos similique sint nesciunt. Ipsum error nihil rem natus.', 0, '2020-01-13 22:36:54', '2020-01-13 22:36:54'),
(130, 92, 'Kaitlyn Hoeger', 'Error qui hic qui atque veniam in odit. Voluptas esse id aspernatur fugit est incidunt in officiis. Autem porro molestiae atque ducimus suscipit.', 4, '2020-01-13 22:36:54', '2020-01-13 22:36:54'),
(131, 89, 'Mrs. Mathilde Schiller DVM', 'Corrupti odio repudiandae id sed. Ut occaecati non et aperiam aut id deleniti. Quae ut officia aliquam recusandae soluta odio.', 3, '2020-01-13 22:36:54', '2020-01-13 22:36:54'),
(132, 100, 'Maddison Pagac', 'Ipsa officiis quisquam tenetur. Natus laboriosam aspernatur sit quis accusamus hic. Quidem cumque atque corporis eum. Sint pariatur aliquam qui dignissimos aspernatur enim omnis.', 2, '2020-01-13 22:36:54', '2020-01-13 22:36:54'),
(133, 93, 'Stephan Schroeder', 'Rem est beatae consequatur sit quo reprehenderit. Reprehenderit et consequatur laboriosam laboriosam expedita consequatur ut. Voluptas exercitationem est ad ut nihil. Quaerat perferendis rerum illum. Eum tempore minima beatae consectetur doloribus eligendi.', 1, '2020-01-13 22:36:54', '2020-01-13 22:36:54'),
(134, 42, 'Charles Stroman', 'Sit cum quisquam eligendi autem repellat optio non. Illum quis totam veniam non. Nesciunt aliquid eos velit.', 3, '2020-01-13 22:36:54', '2020-01-13 22:36:54'),
(135, 91, 'Janet Shields', 'Sint repellat minima mollitia corrupti sed. Totam quisquam et veritatis esse sint autem est. Dolorum nihil similique quaerat repellat.', 0, '2020-01-13 22:36:54', '2020-01-13 22:36:54'),
(136, 79, 'Kristoffer Becker', 'Nemo quae libero nulla sed ipsa molestiae aut. Quam impedit cupiditate ut sed nihil nesciunt deserunt. Error autem id cupiditate necessitatibus illo qui. Nam mollitia sapiente exercitationem dicta.', 5, '2020-01-13 22:36:54', '2020-01-13 22:36:54'),
(137, 31, 'Brain Treutel Sr.', 'Repudiandae velit ipsa laudantium consectetur. Aut corporis eos qui non eius voluptatem reprehenderit. Maxime incidunt delectus id ut amet dolores.', 1, '2020-01-13 22:36:54', '2020-01-13 22:36:54'),
(138, 45, 'Aiden Torphy', 'Cupiditate dolore cumque quis explicabo eius eos. Libero dicta sint eum mollitia. Facilis optio quo ad reprehenderit aperiam. Perferendis corporis rerum officiis quisquam qui ea.', 4, '2020-01-13 22:36:54', '2020-01-13 22:36:54'),
(139, 56, 'Vickie Mertz', 'Labore consequatur itaque quod consequatur. Possimus reiciendis odit dolore placeat ab id reiciendis mollitia. Voluptate est perferendis quia molestiae. Quia amet tempore rerum qui libero in aperiam.', 2, '2020-01-13 22:36:54', '2020-01-13 22:36:54'),
(140, 48, 'Prof. Al Kozey IV', 'Dolores officiis cumque officiis ipsa itaque et iusto. Et deleniti voluptas dolorum eveniet nam repellendus voluptatem. Impedit qui mollitia culpa nesciunt. Nihil inventore ratione sit dolore ratione.', 2, '2020-01-13 22:36:54', '2020-01-13 22:36:54'),
(141, 6, 'Dr. Garret Goyette V', 'Explicabo nemo porro eveniet enim quam magnam ipsum. Voluptatem officia qui saepe voluptatum dignissimos. Asperiores maiores totam tempora molestiae. Consequuntur repudiandae temporibus autem qui amet.', 1, '2020-01-13 22:36:54', '2020-01-13 22:36:54'),
(142, 42, 'Miss Crystel Koelpin', 'Ullam consectetur ad sit quo hic unde. Quis quam nam animi illum et dolorem eum est. Fugiat inventore labore numquam et accusamus deleniti. Dolor quidem earum et.', 2, '2020-01-13 22:36:54', '2020-01-13 22:36:54'),
(143, 70, 'Dr. Greyson Labadie III', 'Doloremque sit vel eius et voluptas et porro. Non saepe dolores et veniam.', 2, '2020-01-13 22:36:54', '2020-01-13 22:36:54'),
(144, 40, 'Otto Crist DVM', 'Fuga quisquam dolorem et quas voluptatum voluptates laboriosam velit. Vel ratione ut hic minus. Est doloremque laboriosam ad omnis voluptatem inventore unde in.', 3, '2020-01-13 22:36:54', '2020-01-13 22:36:54'),
(145, 65, 'Miguel Bayer', 'Nostrum ut omnis cupiditate iusto amet harum. Ea ullam occaecati quo quas totam voluptates id. Unde qui autem cumque sunt at.', 4, '2020-01-13 22:36:54', '2020-01-13 22:36:54'),
(146, 49, 'Reina Botsford', 'Dolores nesciunt occaecati facilis voluptatem aut tempora dicta. Doloremque odit corrupti ipsum.', 0, '2020-01-13 22:36:54', '2020-01-13 22:36:54'),
(147, 34, 'Prof. Emmitt Heaney II', 'Aut sit voluptate voluptate possimus perferendis. Quidem pariatur doloribus rerum maiores. Voluptas placeat et fuga aut aut adipisci. Quibusdam ratione mollitia provident inventore aliquam.', 4, '2020-01-13 22:36:54', '2020-01-13 22:36:54'),
(148, 30, 'Aiyana Harber II', 'Doloribus quia exercitationem quia odit. Sapiente harum aut omnis doloribus commodi repudiandae voluptatem. Consequuntur sunt voluptatem officiis eum repellat iste vel.', 4, '2020-01-13 22:36:54', '2020-01-13 22:36:54'),
(149, 57, 'Adolphus Smith', 'Iusto et maxime officia iusto esse. Ratione molestiae voluptas rerum quia dolorem rerum cum. Recusandae labore doloremque ex quis omnis corrupti.', 1, '2020-01-13 22:36:54', '2020-01-13 22:36:54'),
(150, 75, 'Garth Jones', 'Ut sed quos cumque repellat dolor quasi non. Aut est aut est libero facilis molestias harum. Excepturi magnam recusandae eveniet repellendus est aut. Error dicta impedit voluptatem expedita facere dolor.', 4, '2020-01-13 22:36:54', '2020-01-13 22:36:54'),
(151, 96, 'Johnson Ziemann', 'Illo molestias pariatur inventore et omnis id quo. Consectetur et consequatur a amet commodi. Dolor tenetur molestiae dolorum sit deserunt voluptas animi.', 5, '2020-01-13 22:36:54', '2020-01-13 22:36:54'),
(152, 16, 'Lucio Ebert', 'Sed nemo perspiciatis at placeat. Ex dolore nesciunt voluptatum ducimus ut neque voluptatum qui. Sit beatae voluptas qui dolor. Molestiae qui et corporis.', 5, '2020-01-13 22:36:54', '2020-01-13 22:36:54'),
(153, 100, 'Faustino Wyman II', 'Odit ad nisi aut aut. Odit ea eos voluptatem qui. Voluptatem qui architecto esse.', 5, '2020-01-13 22:36:54', '2020-01-13 22:36:54'),
(154, 93, 'Ms. Kathryn Prohaska I', 'Hic error corrupti voluptatem necessitatibus rerum. Dicta nobis deserunt perspiciatis voluptatum quasi. Est impedit ipsa et et provident et. Eum veniam et fuga.', 2, '2020-01-13 22:36:54', '2020-01-13 22:36:54'),
(155, 50, 'Mrs. Betty Barrows', 'Porro commodi et omnis sed ipsam. Alias harum et rerum expedita. Consequatur maiores rem exercitationem qui in cupiditate. Non id et voluptas maiores maiores quia cumque.', 1, '2020-01-13 22:36:54', '2020-01-13 22:36:54'),
(156, 97, 'Mr. Collin Von DDS', 'Modi sunt ut similique labore. Est non sed voluptate quasi. Culpa esse pariatur enim sit sed. Culpa magnam quia voluptatibus. Accusantium aut impedit natus omnis id.', 0, '2020-01-13 22:36:54', '2020-01-13 22:36:54'),
(157, 40, 'Jordane Champlin', 'Laudantium ut facilis officiis harum. Dolore voluptas voluptates illo possimus consequatur tempore. Optio ipsam temporibus est minus et asperiores. Iusto repudiandae totam dicta eaque.', 0, '2020-01-13 22:36:54', '2020-01-13 22:36:54'),
(158, 8, 'Emerson Morissette', 'Voluptas fugit et aut maiores et est. Dicta dicta amet aspernatur ea minus sit cumque et. Quaerat quo aut omnis quam quam sint quam.', 4, '2020-01-13 22:36:54', '2020-01-13 22:36:54'),
(159, 25, 'Prof. Laverna Howell', 'Consequuntur ullam corrupti quia debitis doloribus sapiente veniam. Ea sint modi rem consequatur odit. Consequatur qui doloribus dicta enim. Et repellat dignissimos aut facere quae reprehenderit.', 5, '2020-01-13 22:36:54', '2020-01-13 22:36:54'),
(160, 96, 'Jackeline Stoltenberg', 'Atque porro quia omnis consequuntur ipsam quas possimus quis. Officia provident ullam non ut id corrupti aut aliquid. Consequatur voluptatum deserunt itaque ea voluptas.', 4, '2020-01-13 22:36:54', '2020-01-13 22:36:54'),
(161, 16, 'Delores Heidenreich', 'Sit autem exercitationem quasi accusamus quae adipisci. Quae earum earum tenetur deserunt esse error. Et consequatur eos magnam voluptatem voluptatem soluta minima voluptate. Rerum dolorum sequi tempore doloremque voluptatem adipisci quibusdam.', 1, '2020-01-13 22:36:54', '2020-01-13 22:36:54'),
(162, 8, 'Miss Beverly Luettgen IV', 'Molestias neque eum eveniet aut omnis repellat hic. Recusandae et sit est. Sapiente in cum commodi ad quia ut quia. Et officia suscipit quia illum.', 3, '2020-01-13 22:36:54', '2020-01-13 22:36:54'),
(163, 21, 'Cary Jacobi DDS', 'Possimus ea repellat ipsum consequuntur eius corporis explicabo. Suscipit culpa suscipit et voluptate aut non molestiae. Vel qui est delectus eius et neque. Et perspiciatis mollitia sit odio.', 5, '2020-01-13 22:36:54', '2020-01-13 22:36:54'),
(164, 60, 'General Pagac', 'Eveniet et eos praesentium sit sed odio labore. Molestiae placeat tenetur porro et rem voluptatibus. Illum dolorem eos voluptatem sunt aut nulla.', 4, '2020-01-13 22:36:54', '2020-01-13 22:36:54'),
(165, 25, 'Esmeralda Quitzon II', 'Mollitia sint repudiandae magnam quibusdam et dolores vitae. Id voluptas dolorem aut magnam vel tenetur placeat. Repellat facilis vitae velit fugiat aperiam voluptate voluptates.', 1, '2020-01-13 22:36:54', '2020-01-13 22:36:54'),
(166, 83, 'Jazlyn Kozey', 'Eos earum excepturi neque enim id sunt. Laudantium placeat est et amet debitis quas dignissimos voluptates. Dignissimos in minima vero.', 1, '2020-01-13 22:36:54', '2020-01-13 22:36:54'),
(167, 92, 'Mr. Stefan Goodwin', 'Odit ut sint sapiente impedit debitis explicabo aut. Eaque ratione dolore velit. Et quaerat et dicta doloribus. Nostrum veritatis aperiam dicta provident.', 4, '2020-01-13 22:36:54', '2020-01-13 22:36:54'),
(168, 39, 'Mrs. Anahi Dickinson DVM', 'Accusantium aut reiciendis occaecati qui. Eius et inventore quos praesentium praesentium ex corporis.', 1, '2020-01-13 22:36:54', '2020-01-13 22:36:54'),
(169, 17, 'Libbie Cruickshank', 'Labore quia officiis impedit molestiae dolores qui. Cupiditate cumque vitae earum et. Soluta harum eum quis iste ratione. Inventore itaque aliquid repellat delectus.', 4, '2020-01-13 22:36:54', '2020-01-13 22:36:54'),
(170, 74, 'Jessy Block PhD', 'Autem soluta delectus sit magnam consectetur nulla tempora. Omnis ratione natus aperiam non est. Minima laborum doloribus sint maxime ut animi. Qui harum at sint ea aliquam expedita incidunt autem.', 1, '2020-01-13 22:36:54', '2020-01-13 22:36:54'),
(171, 25, 'Jean Johnson V', 'Omnis laborum dignissimos velit eveniet quia. Ab vel inventore vel ullam aliquid magni omnis. Totam corrupti voluptates corporis occaecati.', 4, '2020-01-13 22:36:54', '2020-01-13 22:36:54'),
(172, 86, 'Brent Hill', 'Eos laboriosam dolore consequatur. Libero eveniet rerum consequatur occaecati et non. Modi est molestias vero et ad unde voluptatem iusto.', 3, '2020-01-13 22:36:54', '2020-01-13 22:36:54'),
(173, 78, 'Mr. Columbus Runolfsdottir Sr.', 'Fugiat pariatur autem voluptatem vel cumque reprehenderit sunt. Illo ab reiciendis qui sit in doloribus.', 3, '2020-01-13 22:36:54', '2020-01-13 22:36:54'),
(174, 32, 'Malachi Rosenbaum', 'Velit quis et quia molestiae omnis. Earum ratione perspiciatis alias voluptates et. Eveniet quisquam ipsa aut sit quia laudantium. Repellendus autem sed qui et vero autem et vel.', 1, '2020-01-13 22:36:54', '2020-01-13 22:36:54'),
(175, 41, 'Eldora Homenick', 'Dolorem temporibus quod facere rerum laborum. Architecto velit consequatur tenetur. Provident dolor est qui sit sed tempora alias.', 3, '2020-01-13 22:36:54', '2020-01-13 22:36:54'),
(176, 84, 'Oswald Lesch', 'Quae hic est pariatur minus. Dolorum est quos quis nisi vel facere nihil. Voluptatem ut temporibus quis itaque quo officiis quaerat.', 0, '2020-01-13 22:36:54', '2020-01-13 22:36:54'),
(177, 30, 'Robert Hane', 'Eum qui debitis aliquid sit dolorem. Neque voluptate voluptas aliquam praesentium ducimus. Ut eum ut consectetur laborum quas adipisci. Suscipit nostrum laboriosam id eaque eum quos.', 1, '2020-01-13 22:36:54', '2020-01-13 22:36:54'),
(178, 99, 'Thea Sauer', 'Nihil est explicabo non quia totam rerum ratione. Itaque commodi cumque ea fugiat pariatur adipisci architecto. Hic tempora rerum nihil qui cupiditate quae repudiandae. Illo adipisci ea consequuntur et earum.', 4, '2020-01-13 22:36:54', '2020-01-13 22:36:54'),
(179, 98, 'Lucile Bergstrom', 'Voluptates qui perspiciatis qui qui omnis itaque vero laboriosam. Molestiae dolorum ullam voluptas quo in culpa. Omnis est velit harum autem omnis ut nemo.', 2, '2020-01-13 22:36:54', '2020-01-13 22:36:54'),
(180, 64, 'Ms. Juliana Cormier III', 'Reiciendis culpa qui hic ut. Corporis voluptatem totam architecto quisquam alias similique et. Aliquam voluptas corporis laboriosam totam harum ipsa. Sunt praesentium velit rerum aperiam ipsa assumenda. Iure unde est ut fuga.', 3, '2020-01-13 22:36:54', '2020-01-13 22:36:54'),
(181, 70, 'Mr. Mitchel Hoppe Jr.', 'Sed cum eum libero laborum. Culpa possimus accusantium aut voluptas repellendus qui illum. Ducimus dolorum ut similique architecto. Vel facilis qui impedit.', 0, '2020-01-13 22:36:54', '2020-01-13 22:36:54'),
(182, 91, 'Joey Durgan', 'Id repellendus numquam ut voluptatem sed accusantium illum ut. Cupiditate voluptate animi mollitia doloremque dicta fugit.', 5, '2020-01-13 22:36:54', '2020-01-13 22:36:54'),
(183, 67, 'Miss Selena McGlynn II', 'Nihil sint voluptates iste aut iure ullam aliquid nesciunt. Sit laborum dolorem voluptatem ullam. Error et fuga nam minima voluptate. Id qui sint in dolorem non reprehenderit est.', 3, '2020-01-13 22:36:54', '2020-01-13 22:36:54'),
(184, 74, 'Kolby Gutkowski', 'Sapiente dolores consequatur tempora magnam voluptatem et vel. Voluptate voluptatum possimus velit ipsum. Modi laudantium in non amet. Dolores ut et quae natus quo vitae.', 1, '2020-01-13 22:36:54', '2020-01-13 22:36:54'),
(185, 40, 'Rhianna Reilly', 'At pariatur laborum consequatur dignissimos. Voluptatem laudantium ducimus ipsum velit exercitationem nemo. Fugit sit quam aut id dolores tenetur. Eum non expedita et a accusamus consequatur.', 4, '2020-01-13 22:36:54', '2020-01-13 22:36:54'),
(186, 44, 'Kaleigh Pfannerstill', 'Enim doloremque laudantium ducimus molestiae ex ratione eos. Eos quae dignissimos consequatur quia similique sequi. Adipisci vitae consequatur rerum amet at qui et quos. Suscipit provident omnis excepturi illum amet nihil vero.', 3, '2020-01-13 22:36:54', '2020-01-13 22:36:54'),
(187, 20, 'Wilhelmine Turcotte', 'Est iste et omnis est est animi numquam. Autem maxime quia fugiat iusto quaerat exercitationem perspiciatis fugiat. Assumenda iure nemo perferendis dolorem impedit quia et eligendi.', 0, '2020-01-13 22:36:54', '2020-01-13 22:36:54'),
(188, 52, 'Serenity Kessler', 'Quaerat esse et doloremque natus facilis dignissimos. Consequatur quia sed est tempore sed ut dolorem. Quas in itaque rerum et sit.', 5, '2020-01-13 22:36:54', '2020-01-13 22:36:54'),
(189, 1, 'Rex White', 'Consequatur aperiam blanditiis quia. Voluptas reiciendis perferendis sequi quibusdam aperiam repellendus. Qui suscipit voluptas itaque facere unde. Voluptas blanditiis provident voluptatibus rerum.', 2, '2020-01-13 22:36:54', '2020-01-13 22:36:54'),
(190, 67, 'Leila Casper PhD', 'Eos et consequatur ea labore. Quia sequi adipisci aut qui nihil. Omnis fuga explicabo quo animi. Mollitia atque doloribus maxime natus non sit.', 0, '2020-01-13 22:36:54', '2020-01-13 22:36:54'),
(191, 56, 'Miss Fatima Streich', 'Sit molestiae quia et ipsam minima rerum consequatur. Voluptatem facilis vitae nemo qui quo. Est porro impedit iure officia ab neque.', 4, '2020-01-13 22:36:54', '2020-01-13 22:36:54'),
(192, 81, 'Nikita Nikolaus', 'Quo nemo et laboriosam asperiores ut consequatur pariatur. Ea esse libero doloribus eum nihil voluptates cumque. Quia laborum ullam temporibus excepturi autem impedit eos.', 5, '2020-01-13 22:36:54', '2020-01-13 22:36:54'),
(193, 99, 'Willy Steuber DVM', 'Eveniet enim libero repellendus facere. In quia fugit nisi quaerat placeat.', 1, '2020-01-13 22:36:54', '2020-01-13 22:36:54'),
(194, 97, 'Jaquelin Hamill', 'Ullam aliquid et similique. Rerum reiciendis error dolore quod doloremque sed. Quae ducimus tenetur ut quaerat omnis. Esse temporibus dolores nisi facilis culpa porro voluptate.', 4, '2020-01-13 22:36:54', '2020-01-13 22:36:54'),
(195, 73, 'Mr. Jettie Olson', 'Natus eveniet recusandae rem iusto dolores quia atque perspiciatis. Nemo ducimus minima veniam veritatis tenetur. Provident accusantium hic consequatur. Debitis et ut suscipit occaecati impedit.', 4, '2020-01-13 22:36:54', '2020-01-13 22:36:54'),
(196, 55, 'Prof. Ophelia Ullrich II', 'Aliquam quo vitae iste eos. Libero velit laborum magni ut quo. Nisi mollitia ipsam vero repellendus.', 0, '2020-01-13 22:36:54', '2020-01-13 22:36:54'),
(197, 55, 'Georgette Hartmann', 'Fugiat dolores ipsam et sit quam. Magnam quam error accusantium aperiam explicabo aut optio. Expedita eos voluptatem esse cumque sunt.', 5, '2020-01-13 22:36:54', '2020-01-13 22:36:54'),
(198, 87, 'Alvena Baumbach', 'Illum molestias deleniti perferendis recusandae aperiam nemo quibusdam. Est enim nemo voluptas sapiente fuga autem.', 4, '2020-01-13 22:36:54', '2020-01-13 22:36:54'),
(199, 20, 'Jerry Emmerich', 'Harum mollitia enim explicabo numquam voluptatem sit officia. Voluptatem non nam exercitationem aut aliquid consectetur voluptas. Autem molestiae id natus esse ut veritatis. Aspernatur eius sunt vel reiciendis suscipit.', 1, '2020-01-13 22:36:54', '2020-01-13 22:36:54'),
(200, 30, 'Allison Will', 'Odit et est sed similique qui officiis tempora. Voluptate at porro non deserunt. Consequuntur sequi asperiores corporis temporibus. Beatae aspernatur id sit laboriosam illum neque eius dolorem.', 0, '2020-01-13 22:36:54', '2020-01-13 22:36:54'),
(201, 65, 'Richard Weissnat', 'Eos ut cumque eum accusamus. Delectus incidunt ut exercitationem aut et quia. Iusto veritatis atque qui ut nihil. Quidem sunt dolore eligendi vero.', 0, '2020-01-13 22:36:54', '2020-01-13 22:36:54'),
(202, 93, 'Prof. German Ullrich', 'Possimus in amet maxime. Perferendis sit quis officiis saepe necessitatibus. In reprehenderit quia perferendis. Voluptatem minima aperiam totam. Qui quae dolores rerum voluptatem.', 5, '2020-01-13 22:36:54', '2020-01-13 22:36:54'),
(203, 12, 'Adela Hilpert MD', 'Reiciendis cumque dolore porro dolorum consequatur est quidem. Laudantium sint odit voluptatem voluptatum ut odio. Saepe autem ut earum.', 0, '2020-01-13 22:36:54', '2020-01-13 22:36:54'),
(204, 51, 'Rhiannon Deckow', 'Non accusantium accusamus sed quis porro voluptas maxime adipisci. Et sit non molestias quis qui qui ipsam. Commodi exercitationem non esse repudiandae. Iure perspiciatis voluptatibus adipisci repellendus molestias.', 1, '2020-01-13 22:36:54', '2020-01-13 22:36:54'),
(205, 79, 'Trudie Schaefer', 'Voluptas molestiae qui consectetur earum nesciunt impedit incidunt. Sint fugiat quod dignissimos. Minima qui qui consequatur sed molestias libero aut quasi.', 5, '2020-01-13 22:36:54', '2020-01-13 22:36:54'),
(206, 13, 'Garland Bailey', 'Enim alias quibusdam nisi veritatis. Fugit quam non doloribus dolore nesciunt ipsum.', 1, '2020-01-13 22:36:54', '2020-01-13 22:36:54'),
(207, 82, 'Una Reynolds Sr.', 'Et quia laborum sit et. Cupiditate adipisci laborum sed facere et. Doloremque sint omnis quod et. Asperiores in sed libero.', 5, '2020-01-13 22:36:54', '2020-01-13 22:36:54'),
(208, 4, 'Tyra Ondricka', 'Modi nulla minus vel quos. Quia rerum dolore nihil. Et temporibus dolor harum error iure necessitatibus. Aut unde ut illo nostrum ipsam nisi. Nihil omnis sit officiis.', 4, '2020-01-13 22:36:54', '2020-01-13 22:36:54'),
(209, 18, 'Lelah Blanda', 'Consequatur consequuntur et quo amet quos nihil. Quia dolorum molestiae quos et. Eaque consectetur suscipit sed et aperiam architecto facere. Rerum reiciendis tempora doloremque sequi quia.', 0, '2020-01-13 22:36:54', '2020-01-13 22:36:54'),
(210, 12, 'Jessy Lakin', 'Assumenda tempora itaque voluptatem mollitia iure. Et nisi molestias repudiandae corporis. Minus corrupti aperiam rerum quod. Eveniet sint dignissimos aspernatur id ducimus laudantium expedita.', 5, '2020-01-13 22:36:54', '2020-01-13 22:36:54');
INSERT INTO `reviews` (`id`, `product_id`, `customer`, `review`, `star`, `created_at`, `updated_at`) VALUES
(211, 59, 'Prof. Armand Altenwerth', 'Et aut excepturi est impedit qui molestiae. Numquam sit et exercitationem in autem. Excepturi velit laborum eligendi tempora. Qui molestias vero quod omnis eum blanditiis.', 1, '2020-01-13 22:36:54', '2020-01-13 22:36:54'),
(212, 55, 'Rhiannon Schuster DVM', 'Nihil officia id et qui reprehenderit sint minus. Quo sint saepe ullam alias dolor qui magnam. Iste consectetur officiis totam dignissimos asperiores est. Soluta magnam totam sed sint praesentium unde fuga.', 1, '2020-01-13 22:36:54', '2020-01-13 22:36:54'),
(213, 97, 'Orpha Spinka', 'Est ad id omnis. Quo fuga qui enim accusamus dolores omnis voluptas. Ipsa sit facere qui dolores.', 4, '2020-01-13 22:36:54', '2020-01-13 22:36:54'),
(214, 62, 'Elroy Donnelly', 'Debitis sit saepe architecto rerum occaecati consequuntur sit. Blanditiis omnis a fuga culpa adipisci quis molestiae. Aut magnam quos voluptas repellendus ipsa cupiditate in. Reprehenderit numquam amet rem et est.', 5, '2020-01-13 22:36:54', '2020-01-13 22:36:54'),
(215, 50, 'Elliott Roberts Jr.', 'Aut at tenetur eius odio nam fugiat voluptas rerum. Modi sunt distinctio est repellat consequatur doloribus. Reiciendis eos deleniti qui cumque sunt nihil. Voluptas dolores explicabo temporibus molestiae saepe dolorem.', 4, '2020-01-13 22:36:54', '2020-01-13 22:36:54'),
(216, 8, 'Kane Rau PhD', 'Qui perferendis pariatur eligendi voluptate natus. Molestiae doloremque et error aspernatur. Eos sed quos ea iure.', 4, '2020-01-13 22:36:54', '2020-01-13 22:36:54'),
(217, 56, 'Prof. Micah Fahey II', 'Quia alias aut aut omnis recusandae magnam. Fugit est necessitatibus quia perspiciatis. Sequi totam laboriosam saepe dignissimos.', 3, '2020-01-13 22:36:54', '2020-01-13 22:36:54'),
(218, 34, 'Jerald Swift DVM', 'Qui eum soluta officiis. Enim sit nemo unde non vel eligendi. Ex hic at sapiente assumenda voluptatem.', 3, '2020-01-13 22:36:54', '2020-01-13 22:36:54'),
(219, 99, 'Cyrus Stroman', 'Possimus ea dolorem atque ipsam. Et expedita veniam tempore. Harum accusantium dolores error.', 1, '2020-01-13 22:36:54', '2020-01-13 22:36:54'),
(220, 55, 'Mrs. Jeanette O\'Reilly DDS', 'Fugit qui aut voluptatem. Numquam alias hic possimus officia. Reprehenderit at voluptatem reiciendis in earum quia dolorum non. Natus quia delectus iusto et.', 0, '2020-01-13 22:36:54', '2020-01-13 22:36:54'),
(221, 98, 'Skye Tremblay', 'Dolorem dicta molestias rerum quo. Qui ratione consectetur nihil dolor ut tempore. Fugiat et et natus libero iure. Velit quisquam eveniet laboriosam non minus magnam unde.', 3, '2020-01-13 22:36:54', '2020-01-13 22:36:54'),
(222, 7, 'Diamond Schaefer II', 'Omnis consequatur ea qui dolor eos et. Dolorum ab sunt iure error officia dolorem illo odit. Voluptas et et unde excepturi qui.', 1, '2020-01-13 22:36:54', '2020-01-13 22:36:54'),
(223, 11, 'Loma Breitenberg', 'Odit et et ad illum. Blanditiis voluptatem voluptatem aliquid maiores quia quaerat. Sed amet quidem maiores consectetur voluptatibus et. Voluptatibus earum aut ullam possimus id impedit.', 5, '2020-01-13 22:36:54', '2020-01-13 22:36:54'),
(224, 62, 'Dr. Hunter Von DVM', 'Amet corrupti id sunt sunt accusamus. Hic adipisci exercitationem aut. Suscipit nam quasi et sed et quo ducimus.', 0, '2020-01-13 22:36:54', '2020-01-13 22:36:54'),
(225, 58, 'Mrs. Berenice Halvorson', 'Est quod modi sit esse eum odio qui. Sequi possimus repudiandae eveniet. Et consequatur saepe laudantium suscipit qui qui explicabo. Amet cum architecto mollitia aut quas ad quidem.', 1, '2020-01-13 22:36:54', '2020-01-13 22:36:54'),
(226, 32, 'Dixie D\'Amore', 'Distinctio dolor et fugit ut sunt deserunt. Corporis dolores saepe qui. Ea eos magni id suscipit aperiam sed.', 1, '2020-01-13 22:36:54', '2020-01-13 22:36:54'),
(227, 5, 'Mr. Vladimir McGlynn', 'Officiis nam pariatur id laborum. Saepe et rerum facere fuga magni consequuntur. Sit eum harum est eum sed.', 5, '2020-01-13 22:36:54', '2020-01-13 22:36:54'),
(228, 85, 'Anahi Tremblay', 'Quod exercitationem sed eius soluta explicabo maxime. A quas eius sequi incidunt. Quod est et minima debitis mollitia et ea ipsum.', 2, '2020-01-13 22:36:54', '2020-01-13 22:36:54'),
(229, 86, 'Willow Turner', 'Numquam non minima quibusdam est impedit sit. Quia dolorem et at quasi ut consequuntur illo. Odit qui dignissimos nihil et similique qui qui unde.', 3, '2020-01-13 22:36:54', '2020-01-13 22:36:54'),
(230, 64, 'Prof. Callie Farrell', 'Corporis assumenda et nesciunt exercitationem. Ut quidem ea non corporis. Nemo blanditiis dolorum suscipit nihil in.', 2, '2020-01-13 22:36:54', '2020-01-13 22:36:54'),
(231, 90, 'Patsy Schultz', 'Ex neque quis deserunt quaerat ea veritatis. Maiores eos ut est provident. Molestiae qui deleniti a ut.', 0, '2020-01-13 22:36:54', '2020-01-13 22:36:54'),
(232, 61, 'Jed Pfannerstill V', 'Ea ratione explicabo pariatur excepturi. Molestiae maxime dolorem est molestiae reprehenderit. Sint odio sed sequi. Quo perspiciatis illum sit ut quas. Voluptatem consectetur sit saepe non.', 2, '2020-01-13 22:36:54', '2020-01-13 22:36:54'),
(233, 21, 'Jimmy Wolf', 'Provident explicabo et laborum placeat id. Inventore magnam quae aut impedit aut qui. Sit pariatur ipsum nesciunt consequatur officiis omnis quia.', 3, '2020-01-13 22:36:54', '2020-01-13 22:36:54'),
(234, 87, 'Gerald Wolf', 'Sed ducimus et dolores laboriosam. Id pariatur labore omnis magnam. Quos maiores expedita aut aut iusto.', 1, '2020-01-13 22:36:54', '2020-01-13 22:36:54'),
(235, 65, 'Prof. Chesley Kshlerin III', 'Ut soluta aut voluptas repellat corrupti omnis voluptatum. Accusamus sint fugit dolores. Dolor at voluptas occaecati id distinctio et. Ut pariatur sunt velit ut eius beatae autem.', 4, '2020-01-13 22:36:54', '2020-01-13 22:36:54'),
(236, 55, 'Dr. Bo Daniel DDS', 'Quasi ullam molestias aperiam incidunt enim dolorum numquam. Dolores libero saepe dolorem libero. Sit dignissimos amet eum ut fugit. Rerum fugit in necessitatibus distinctio.', 5, '2020-01-13 22:36:54', '2020-01-13 22:36:54'),
(237, 36, 'Prof. Jerad Stamm', 'Earum qui laboriosam qui assumenda nobis. Qui nisi molestiae distinctio illum. Sed quam vel libero dolorem quidem consectetur facilis.', 2, '2020-01-13 22:36:54', '2020-01-13 22:36:54'),
(238, 34, 'Wallace Effertz', 'Ut non dolorum fugiat. At facere excepturi est id aut fuga eius. Tenetur explicabo rerum officiis voluptatibus alias enim. Aperiam est quos sequi iste quam et deserunt.', 0, '2020-01-13 22:36:54', '2020-01-13 22:36:54'),
(239, 18, 'Ashlynn Stanton', 'Nobis veritatis harum ut minus asperiores. Officiis commodi magni et repellendus rem sed quia. Et autem quo ducimus iusto non natus.', 3, '2020-01-13 22:36:54', '2020-01-13 22:36:54'),
(240, 13, 'Lori Weber Sr.', 'Qui eius vel aut cum aut at suscipit. Voluptas labore aut possimus itaque consequatur. Delectus quos quod molestias quo et sequi ipsa. Est dolor ea ducimus quas.', 1, '2020-01-13 22:36:54', '2020-01-13 22:36:54'),
(241, 61, 'Tyree Johnson', 'Est fugiat recusandae hic architecto omnis. Reiciendis est voluptatibus fugit et voluptates. Consequatur quae cumque culpa maxime. Quia consequuntur repellendus ipsam voluptates vitae ut. Enim qui debitis deserunt facere ad voluptatem delectus minima.', 5, '2020-01-13 22:36:54', '2020-01-13 22:36:54'),
(242, 87, 'Carolina Jenkins Sr.', 'Illum tenetur voluptates nulla quisquam maiores tempora id. Necessitatibus quas blanditiis hic. In repellat iste aperiam a et veniam repudiandae. Ut placeat et ducimus voluptatem quae.', 1, '2020-01-13 22:36:54', '2020-01-13 22:36:54'),
(243, 22, 'Colleen Bartoletti', 'Nesciunt veniam et dolorem natus labore rerum. Molestiae voluptatem asperiores rerum. Aut modi dolorum provident dolorem quos quas necessitatibus. Autem recusandae unde harum sed.', 2, '2020-01-13 22:36:54', '2020-01-13 22:36:54'),
(244, 61, 'Wilbert Toy', 'Fuga tempora illo et mollitia quia amet. Ut voluptatum dolorum itaque id. Nesciunt nisi aliquid dolor perspiciatis quas temporibus deleniti.', 0, '2020-01-13 22:36:54', '2020-01-13 22:36:54'),
(245, 65, 'Winifred Carroll', 'Atque culpa sequi quia voluptatum fugiat. Et distinctio veritatis sed at voluptas sed ut. Tempore ut facere doloremque ratione et dolorem.', 2, '2020-01-13 22:36:54', '2020-01-13 22:36:54'),
(246, 13, 'Miss Lisa Will', 'Facilis veritatis id et sed. Repellendus pariatur dolore dignissimos velit delectus vel asperiores aut. Error sed quasi suscipit excepturi et dicta.', 4, '2020-01-13 22:36:54', '2020-01-13 22:36:54'),
(247, 75, 'Wendy Dicki', 'Autem omnis magnam molestiae. Expedita ipsum natus placeat laborum dolores et. Voluptas at corrupti et.', 0, '2020-01-13 22:36:54', '2020-01-13 22:36:54'),
(248, 28, 'Arlo Harris', 'Nihil repellendus quia quis molestiae. Ullam dolor fuga nulla. Qui non ut illo. Omnis sapiente voluptatem distinctio omnis libero molestiae itaque quis.', 1, '2020-01-13 22:36:54', '2020-01-13 22:36:54'),
(249, 27, 'Samanta Heller DVM', 'Tenetur eos non qui dolores ea. In iusto quia quae vero blanditiis voluptas eos. Id vero velit quae ea natus et. Aut ut aut quis esse exercitationem.', 5, '2020-01-13 22:36:54', '2020-01-13 22:36:54'),
(250, 83, 'Miss Roma Wilderman', 'Vel nulla quo impedit dolores et eos. Inventore sit dolorem nam eos aliquid accusamus. Et mollitia voluptates omnis ipsam id maiores. Cupiditate ipsa ea et dignissimos molestiae repellendus ut.', 3, '2020-01-13 22:36:54', '2020-01-13 22:36:54'),
(251, 17, 'Bernita Gislason', 'Qui saepe eos nihil rem doloremque reprehenderit. Velit itaque sit ullam consequuntur fuga. Consectetur et consequuntur iure soluta.', 2, '2020-01-13 22:36:54', '2020-01-13 22:36:54'),
(252, 1, 'Prof. Samson Crist', 'Expedita voluptate totam corporis ad exercitationem velit. Autem reprehenderit et quis et quasi. Consequatur provident est illum corporis error placeat est.', 3, '2020-01-13 22:36:54', '2020-01-13 22:36:54'),
(253, 55, 'Prof. Gregory Kuhic II', 'Exercitationem repellat architecto voluptatem ut et et. Quis dolorem et voluptas impedit aliquam libero iure nemo. Minus occaecati autem delectus non eveniet.', 1, '2020-01-13 22:36:54', '2020-01-13 22:36:54'),
(254, 70, 'Iva Wehner', 'Aut ratione minima ex est iure commodi eius voluptatem. Rem et distinctio consequuntur et necessitatibus et et qui.', 0, '2020-01-13 22:36:54', '2020-01-13 22:36:54'),
(255, 14, 'Stephon VonRueden', 'Unde qui et qui qui tempore corporis recusandae est. Laudantium aut aliquid soluta eveniet. Accusantium nihil delectus quidem quaerat quos et.', 1, '2020-01-13 22:36:54', '2020-01-13 22:36:54'),
(256, 95, 'Kaela Wolf', 'Odio vero saepe fugiat sapiente earum est et quibusdam. Commodi neque possimus culpa minima ut est dolores enim. Qui culpa doloremque enim ut nisi eos.', 2, '2020-01-13 22:36:54', '2020-01-13 22:36:54'),
(257, 54, 'Vernon Greenfelder', 'Iste consectetur cum omnis possimus inventore laborum dolore quod. Omnis ullam doloribus natus sed rerum similique. Nesciunt nihil odio sequi sint distinctio.', 2, '2020-01-13 22:36:54', '2020-01-13 22:36:54'),
(258, 4, 'Prof. Hester Sawayn', 'Dolores a consequatur placeat officia qui. Deleniti quas voluptate harum sunt cumque ad vel. Aut saepe veniam deleniti. Alias quia est omnis laudantium minus reprehenderit.', 2, '2020-01-13 22:36:54', '2020-01-13 22:36:54'),
(259, 33, 'Audreanne Ferry', 'Sed quam quos quidem dolore error. Aperiam distinctio assumenda aut et delectus aut. Et aut omnis molestias praesentium. Sed consequuntur quis quas velit.', 4, '2020-01-13 22:36:54', '2020-01-13 22:36:54'),
(260, 1, 'Francesca Schiller', 'Quasi dolore et animi nesciunt. Vel odit reiciendis labore minima ut.', 1, '2020-01-13 22:36:54', '2020-01-13 22:36:54'),
(261, 37, 'Micheal Schultz', 'Iure dolor voluptates velit ea. Nemo natus rerum animi quaerat eum quidem. Aperiam modi fuga velit vel facilis eum sint. At nulla nostrum voluptatem illo ut molestiae et.', 0, '2020-01-13 22:36:54', '2020-01-13 22:36:54'),
(262, 9, 'Mazie Kunze', 'Est quis deleniti rerum officia. Voluptas voluptatem autem quia ipsum quia ut enim. Doloribus quaerat beatae ducimus explicabo.', 3, '2020-01-13 22:36:54', '2020-01-13 22:36:54'),
(263, 86, 'Prof. Jaylin Vandervort', 'Illo deleniti quis est officia neque nulla dolor. Nostrum quae dolore ab ipsum aut. Aspernatur ab voluptate ipsa temporibus quibusdam mollitia ab. Nulla dolor perspiciatis velit.', 1, '2020-01-13 22:36:54', '2020-01-13 22:36:54'),
(264, 23, 'Ladarius Veum', 'Velit consequatur autem reprehenderit eligendi. Dignissimos possimus et iusto tempora. Quas cupiditate aut odio quo quia. Qui voluptas sed ut ex voluptates atque et.', 3, '2020-01-13 22:36:54', '2020-01-13 22:36:54'),
(265, 61, 'Fabiola VonRueden', 'Architecto est eaque sit dolor ratione quas ex modi. Cupiditate quibusdam minus facere ea consequatur optio aspernatur. Enim rerum ut est.', 4, '2020-01-13 22:36:54', '2020-01-13 22:36:54'),
(266, 80, 'Spencer Herzog', 'Nam sequi veritatis et asperiores animi consectetur. Dolores odio in cum. Quam quis ea fugiat consequuntur consequuntur quidem.', 3, '2020-01-13 22:36:54', '2020-01-13 22:36:54'),
(267, 99, 'Talon Orn IV', 'Aut aperiam maiores qui cum autem et. Quia ad eum ad praesentium. Porro eos sit reiciendis enim rem dolor. Expedita quia distinctio quia eligendi libero saepe sint.', 4, '2020-01-13 22:36:54', '2020-01-13 22:36:54'),
(268, 76, 'Alexys Orn', 'Dolor et aut aliquam nisi. Consequatur enim molestias rerum omnis perferendis sunt dolorem. Iste est maiores quidem quae eum fuga blanditiis. Vero et recusandae quasi eum magni.', 3, '2020-01-13 22:36:54', '2020-01-13 22:36:54'),
(269, 16, 'Prof. Stephon Wolff', 'Fugit et quis sed nemo tenetur. Veritatis voluptatem ea magnam cum. Sit placeat quos dignissimos quia blanditiis.', 2, '2020-01-13 22:36:54', '2020-01-13 22:36:54'),
(270, 82, 'Lenna Carter Jr.', 'Officia et ut non qui ullam minima sed. Maiores officiis atque voluptas modi repudiandae dolores optio.', 4, '2020-01-13 22:36:54', '2020-01-13 22:36:54'),
(271, 16, 'Prof. Donny Ziemann DDS', 'Delectus enim dolore odio. Aut dolorem voluptatem sequi autem labore et. Quos modi itaque cumque eum aut temporibus quas.', 3, '2020-01-13 22:36:54', '2020-01-13 22:36:54'),
(272, 29, 'Dr. Rosetta Halvorson I', 'Sit et porro et nemo ea odio. Voluptatibus et non quibusdam voluptas. Ad dolores architecto et vitae recusandae.', 4, '2020-01-13 22:36:54', '2020-01-13 22:36:54'),
(273, 41, 'Bennie Champlin IV', 'Soluta sed aperiam voluptatum vel. Facilis facilis eveniet velit enim. Quasi quasi aut minus et. Aperiam quia blanditiis sed fugiat occaecati.', 0, '2020-01-13 22:36:54', '2020-01-13 22:36:54'),
(274, 42, 'Guy Satterfield', 'Architecto sed voluptatem et autem non. Sint deserunt eum et non veritatis et. Eum incidunt tempora odio dignissimos. Inventore sit doloremque harum illo consectetur distinctio est.', 3, '2020-01-13 22:36:54', '2020-01-13 22:36:54'),
(275, 36, 'Barton Eichmann', 'Quasi eum pariatur perferendis commodi. Suscipit dolores eum similique illum. Ullam corrupti perspiciatis eum beatae dolorum ducimus error beatae.', 4, '2020-01-13 22:36:54', '2020-01-13 22:36:54'),
(276, 21, 'Dr. Arielle Goodwin IV', 'Voluptatem adipisci eaque repudiandae doloremque. Rem eligendi amet quia nisi iste qui quia. Qui adipisci eum non odit repellat corrupti.', 2, '2020-01-13 22:36:54', '2020-01-13 22:36:54'),
(277, 24, 'Oliver Kerluke', 'Quisquam distinctio officia dolorum ipsam occaecati. Sequi numquam nostrum quidem blanditiis. Quae praesentium itaque autem veniam.', 2, '2020-01-13 22:36:54', '2020-01-13 22:36:54'),
(278, 86, 'Myrna Schumm', 'Nesciunt in nisi dignissimos molestiae qui vel. Omnis omnis alias facere rerum. Sit est maiores et porro enim ipsam iusto.', 0, '2020-01-13 22:36:54', '2020-01-13 22:36:54'),
(279, 51, 'Laurie Greenholt', 'Voluptatum rerum dolores et nam quis quae. Et accusantium voluptatem doloribus veritatis omnis adipisci hic. Ab est velit distinctio deleniti eum. Est assumenda eaque architecto quia mollitia ad.', 1, '2020-01-13 22:36:54', '2020-01-13 22:36:54'),
(280, 36, 'Arvid Hagenes', 'Quasi voluptatem facilis optio repellat. Corporis occaecati omnis qui reiciendis. Fuga illo qui nam vero.', 1, '2020-01-13 22:36:54', '2020-01-13 22:36:54'),
(281, 40, 'Prof. Nicholas Jacobi DVM', 'Magni nisi enim in ea tempora error nemo. Quis expedita quaerat rerum laudantium. Voluptatem eius est consectetur non aliquam dolore. Dignissimos commodi ad omnis et nulla eaque quasi.', 0, '2020-01-13 22:36:54', '2020-01-13 22:36:54'),
(282, 40, 'Keara Toy', 'Qui minus temporibus et blanditiis ut. Perspiciatis quo qui est consequatur. Voluptatem tempora consequatur ut maiores.', 0, '2020-01-13 22:36:54', '2020-01-13 22:36:54'),
(283, 71, 'Kari Brown I', 'Est qui nesciunt repellendus. Ea nisi repellendus facilis porro consequatur fugiat voluptatem. Ipsa libero voluptatibus soluta blanditiis eligendi harum.', 2, '2020-01-13 22:36:54', '2020-01-13 22:36:54'),
(284, 13, 'Reanna Fritsch', 'Deleniti ut fuga eum blanditiis praesentium soluta voluptas consequatur. Illum praesentium laudantium voluptas commodi voluptas. Est amet qui cum ut tempore iste.', 2, '2020-01-13 22:36:54', '2020-01-13 22:36:54'),
(285, 88, 'Jayce Wintheiser', 'Est harum assumenda non quas eum. Rem odit autem praesentium illo. Qui animi deserunt nemo porro sed ut.', 1, '2020-01-13 22:36:54', '2020-01-13 22:36:54'),
(286, 39, 'Leif Torphy II', 'Minima aut natus nihil aut quia. Recusandae dolor qui dicta. Unde ullam ut facere enim consequatur magnam et.', 4, '2020-01-13 22:36:54', '2020-01-13 22:36:54'),
(287, 66, 'Asia Keeling', 'Ipsum nihil voluptas dolores. Asperiores recusandae aut commodi saepe magni voluptatum quam. Distinctio ut odit accusantium. Qui quisquam assumenda et.', 0, '2020-01-13 22:36:54', '2020-01-13 22:36:54'),
(288, 74, 'Prof. Harley Cassin', 'Consequuntur minus reprehenderit nulla ut quaerat. Voluptas iusto doloremque dolore sint. Quia sit dolores minima omnis non incidunt.', 0, '2020-01-13 22:36:54', '2020-01-13 22:36:54'),
(289, 55, 'Dale Marquardt', 'Aliquam culpa quibusdam enim facilis et soluta dolore quia. Explicabo eos labore et culpa. Voluptas adipisci tenetur aut ipsa dolor et ut. Expedita temporibus quis cupiditate repellendus cum neque quis.', 4, '2020-01-13 22:36:54', '2020-01-13 22:36:54'),
(290, 10, 'Frederique Price', 'Odit doloribus quisquam non et rerum. Praesentium consequatur iusto tenetur enim perspiciatis sed quaerat. Veniam delectus aut vel officiis.', 0, '2020-01-13 22:36:54', '2020-01-13 22:36:54'),
(291, 7, 'Herman Hirthe', 'Ipsum hic a pariatur quos alias laudantium libero. Illum consequatur ipsum animi et fugit similique. Sunt voluptas consequatur dolores.', 4, '2020-01-13 22:36:54', '2020-01-13 22:36:54'),
(292, 48, 'Jaylin Mayer I', 'Asperiores ea dolores doloribus. Dolorem aspernatur accusantium corrupti dolorem quos quibusdam eveniet. Aliquid ipsa ut porro quia.', 0, '2020-01-13 22:36:54', '2020-01-13 22:36:54'),
(293, 45, 'Celia Stehr I', 'Aut impedit sapiente at natus. Dignissimos quo cumque iure eaque architecto veniam. Vel necessitatibus quaerat sunt officia.', 2, '2020-01-13 22:36:54', '2020-01-13 22:36:54'),
(294, 98, 'Dorcas Hettinger', 'Eligendi expedita vero eius qui explicabo optio maxime maxime. Repudiandae perspiciatis reprehenderit incidunt temporibus voluptatum. Autem sit et aut itaque fugit similique.', 4, '2020-01-13 22:36:54', '2020-01-13 22:36:54'),
(295, 35, 'Alberto Crist MD', 'Non quaerat et sequi dicta et. Accusantium pariatur omnis unde totam dolore explicabo commodi. Accusantium neque eveniet autem vitae rem eaque consequatur. Fugit rerum natus expedita magni quidem aut alias. Eos et quod repellat cum temporibus.', 5, '2020-01-13 22:36:54', '2020-01-13 22:36:54'),
(296, 79, 'Constance Kuhn', 'Quas unde et enim architecto iure. Ullam est quam tenetur sit non quia provident quo. Autem dolor commodi dolore amet provident. Omnis repellat sunt inventore nam quibusdam id.', 1, '2020-01-13 22:36:54', '2020-01-13 22:36:54'),
(297, 100, 'Deontae Hand', 'Tempore blanditiis in ad eligendi. Autem laudantium nisi modi doloribus. Sapiente magni sit voluptatem autem rerum qui quas. Assumenda velit aut in fugiat necessitatibus.', 0, '2020-01-13 22:36:54', '2020-01-13 22:36:54'),
(298, 33, 'Dr. Tyson Kub DDS', 'Eveniet inventore quos nulla molestias voluptatibus quo. Aspernatur doloremque fugiat ad temporibus aliquid sequi. Sed voluptate odio alias reiciendis.', 4, '2020-01-13 22:36:54', '2020-01-13 22:36:54'),
(299, 41, 'Mrs. Thora Leuschke', 'Cupiditate voluptas at suscipit vel. Praesentium nihil maxime numquam ut. Consequuntur placeat ratione laboriosam corrupti iste numquam maiores aliquid.', 1, '2020-01-13 22:36:54', '2020-01-13 22:36:54'),
(300, 77, 'Ms. Yazmin Toy', 'Accusamus iusto nihil quia. Vitae dolor atque ipsum sit aut consequatur aliquam. At nihil occaecati consectetur quia et. Facere itaque quod et dolorum aut libero blanditiis.', 3, '2020-01-13 22:36:54', '2020-01-13 22:36:54');

-- --------------------------------------------------------

--
-- Table structure for table `users`
--

CREATE TABLE `users` (
  `id` bigint(20) UNSIGNED NOT NULL,
  `name` varchar(255) COLLATE utf8mb4_unicode_ci NOT NULL,
  `email` varchar(255) COLLATE utf8mb4_unicode_ci NOT NULL,
  `email_verified_at` timestamp NULL DEFAULT NULL,
  `password` varchar(255) COLLATE utf8mb4_unicode_ci NOT NULL,
  `remember_token` varchar(100) COLLATE utf8mb4_unicode_ci DEFAULT NULL,
  `created_at` timestamp NULL DEFAULT NULL,
  `updated_at` timestamp NULL DEFAULT NULL
) ENGINE=InnoDB DEFAULT CHARSET=utf8mb4 COLLATE=utf8mb4_unicode_ci;

--
-- Indexes for dumped tables
--

--
-- Indexes for table `failed_jobs`
--
ALTER TABLE `failed_jobs`
  ADD PRIMARY KEY (`id`);

--
-- Indexes for table `migrations`
--
ALTER TABLE `migrations`
  ADD PRIMARY KEY (`id`);

--
-- Indexes for table `password_resets`
--
ALTER TABLE `password_resets`
  ADD KEY `password_resets_email_index` (`email`);

--
-- Indexes for table `products`
--
ALTER TABLE `products`
  ADD PRIMARY KEY (`id`);

--
-- Indexes for table `reviews`
--
ALTER TABLE `reviews`
  ADD PRIMARY KEY (`id`),
  ADD KEY `reviews_product_id_index` (`product_id`);

--
-- Indexes for table `users`
--
ALTER TABLE `users`
  ADD PRIMARY KEY (`id`),
  ADD UNIQUE KEY `users_email_unique` (`email`);

--
-- AUTO_INCREMENT for dumped tables
--

--
-- AUTO_INCREMENT for table `failed_jobs`
--
ALTER TABLE `failed_jobs`
  MODIFY `id` bigint(20) UNSIGNED NOT NULL AUTO_INCREMENT;

--
-- AUTO_INCREMENT for table `migrations`
--
ALTER TABLE `migrations`
  MODIFY `id` int(10) UNSIGNED NOT NULL AUTO_INCREMENT, AUTO_INCREMENT=6;

--
-- AUTO_INCREMENT for table `products`
--
ALTER TABLE `products`
  MODIFY `id` int(10) UNSIGNED NOT NULL AUTO_INCREMENT, AUTO_INCREMENT=101;

--
-- AUTO_INCREMENT for table `reviews`
--
ALTER TABLE `reviews`
  MODIFY `id` int(10) UNSIGNED NOT NULL AUTO_INCREMENT, AUTO_INCREMENT=301;

--
-- AUTO_INCREMENT for table `users`
--
ALTER TABLE `users`
  MODIFY `id` bigint(20) UNSIGNED NOT NULL AUTO_INCREMENT;

--
-- Constraints for dumped tables
--

--
-- Constraints for table `reviews`
--
ALTER TABLE `reviews`
  ADD CONSTRAINT `reviews_product_id_foreign` FOREIGN KEY (`product_id`) REFERENCES `products` (`id`) ON DELETE CASCADE;
COMMIT;

/*!40101 SET CHARACTER_SET_CLIENT=@OLD_CHARACTER_SET_CLIENT */;
/*!40101 SET CHARACTER_SET_RESULTS=@OLD_CHARACTER_SET_RESULTS */;
/*!40101 SET COLLATION_CONNECTION=@OLD_COLLATION_CONNECTION */;
